"Id","LotFrontage","LotArea","OverallQual","OverallCond","YearBuilt","YearRemodAdd","TotalBsmtSF","GrLivArea","BedroomAbvGr","TotRmsAbvGrd","Fireplaces","GarageYrBlt","GarageCars","GarageArea","WoodDeckSF","SalePrice"
1,65,8450,7,5,2003,2003,856,1710,3,8,0,2003,2,548,0,208500
2,80,9600,6,8,1976,1976,1262,1262,3,6,1,1976,2,460,298,181500
3,68,11250,7,5,2001,2002,920,1786,3,6,1,2001,2,608,0,223500
4,60,9550,7,5,1915,1970,756,1717,3,7,1,1998,3,642,0,140000
5,84,14260,8,5,2000,2000,1145,2198,4,9,1,2000,3,836,192,250000
6,85,14115,5,5,1993,1995,796,1362,1,5,0,1993,2,480,40,143000
7,75,10084,8,5,2004,2005,1686,1694,3,7,1,2004,2,636,255,307000
8,NA,10382,7,6,1973,1973,1107,2090,3,7,2,1973,2,484,235,200000
9,51,6120,7,5,1931,1950,952,1774,2,8,2,1931,2,468,90,129900
10,50,7420,5,6,1939,1950,991,1077,2,5,2,1939,1,205,0,118000
11,70,11200,5,5,1965,1965,1040,1040,3,5,0,1965,1,384,0,129500
12,85,11924,9,5,2005,2006,1175,2324,4,11,2,2005,3,736,147,345000
13,NA,12968,5,6,1962,1962,912,912,2,4,0,1962,1,352,140,144000
14,91,10652,7,5,2006,2007,1494,1494,3,7,1,2006,3,840,160,279500
15,NA,10920,6,5,1960,1960,1253,1253,2,5,1,1960,1,352,0,157000
16,51,6120,7,8,1929,2001,832,854,2,5,0,1991,2,576,48,132000
17,NA,11241,6,7,1970,1970,1004,1004,2,5,1,1970,2,480,0,149000
18,72,10791,4,5,1967,1967,0,1296,2,6,0,1967,2,516,0,90000
19,66,13695,5,5,2004,2004,1114,1114,3,6,0,2004,2,576,0,159000
20,70,7560,5,6,1958,1965,1029,1339,3,6,0,1958,1,294,0,139000
21,101,14215,8,5,2005,2006,1158,2376,4,9,1,2005,3,853,240,325300
22,57,7449,7,7,1930,1950,637,1108,3,6,1,1930,1,280,0,139400
23,75,9742,8,5,2002,2002,1777,1795,3,7,1,2002,2,534,171,230000
24,44,4224,5,7,1976,1976,1040,1060,3,6,1,1976,2,572,100,129900
25,NA,8246,5,8,1968,2001,1060,1060,3,6,1,1968,1,270,406,154000
26,110,14230,8,5,2007,2007,1566,1600,3,7,1,2007,3,890,0,256300
27,60,7200,5,7,1951,2000,900,900,3,5,0,2005,2,576,222,134800
28,98,11478,8,5,2007,2008,1704,1704,3,7,1,2008,3,772,0,306000
29,47,16321,5,6,1957,1997,1484,1600,2,6,2,1957,1,319,288,207500
30,60,6324,4,6,1927,1950,520,520,1,4,0,1920,1,240,49,68500
31,50,8500,4,4,1920,1950,649,1317,3,6,0,1920,1,250,0,40000
32,NA,8544,5,6,1966,2006,1228,1228,3,6,0,1966,1,271,0,149350
33,85,11049,8,5,2007,2007,1234,1234,3,7,0,2007,2,484,0,179900
34,70,10552,5,5,1959,1959,1398,1700,4,6,1,1959,2,447,0,165500
35,60,7313,9,5,2005,2005,1561,1561,2,6,1,2005,2,556,203,277500
36,108,13418,8,5,2004,2005,1117,2452,4,9,1,2004,3,691,113,309000
37,112,10859,5,5,1994,1995,1097,1097,3,6,0,1995,2,672,392,145000
38,74,8532,5,6,1954,1990,1297,1297,3,5,1,1954,2,498,0,153000
39,68,7922,5,7,1953,2007,1057,1057,3,5,0,1953,1,246,0,109000
40,65,6040,4,5,1955,1955,0,1152,2,6,0,NA,0,0,0,82000
41,84,8658,6,5,1965,1965,1088,1324,3,6,1,1965,2,440,0,160000
42,115,16905,5,6,1959,1959,1350,1328,2,5,2,1959,1,308,0,170000
43,NA,9180,5,7,1983,1983,840,884,2,5,0,1983,2,504,240,144000
44,NA,9200,5,6,1975,1980,938,938,3,5,0,1977,1,308,145,130250
45,70,7945,5,6,1959,1959,1150,1150,3,6,0,1959,1,300,0,141000
46,61,7658,9,5,2005,2005,1752,1752,2,6,1,2005,2,576,196,319900
47,48,12822,7,5,2003,2003,1434,2149,1,6,1,2003,2,670,168,239686
48,84,11096,8,5,2006,2006,1656,1656,3,7,0,2006,3,826,0,249700
49,33,4456,4,5,1920,2008,736,1452,2,8,0,NA,0,0,0,113000
50,66,7742,5,7,1966,1966,955,955,3,6,0,1966,1,386,0,127000
51,NA,13869,6,6,1997,1997,794,1470,3,6,0,1997,2,388,0,177000
52,52,6240,6,6,1934,1950,816,1176,3,6,1,1985,2,528,112,114500
53,110,8472,5,5,1963,1963,816,816,2,5,0,1963,2,516,106,110000
54,68,50271,9,5,1981,1987,1842,1842,0,5,1,1981,3,894,857,385000
55,60,7134,5,5,1955,1955,384,1360,3,6,1,1962,2,572,0,130000
56,100,10175,6,5,1964,1964,1425,1425,3,7,1,1964,2,576,0,180500
57,24,2645,8,5,1999,2000,970,1739,3,7,0,1999,2,480,115,172500
58,89,11645,7,5,2004,2004,860,1720,3,7,0,2004,2,565,0,196500
59,66,13682,10,5,2006,2006,1410,2945,3,10,1,2006,3,641,192,438780
60,60,7200,5,7,1972,1972,780,780,2,4,0,1973,1,352,196,124900
61,63,13072,6,5,2004,2004,1158,1158,3,5,0,2006,2,576,0,158000
62,60,7200,5,7,1920,1996,530,1111,3,6,0,1935,1,288,0,101000
63,44,6442,8,5,2006,2006,1370,1370,2,6,1,2006,2,484,120,202500
64,50,10300,7,6,1921,1950,576,1710,3,9,0,1990,2,480,12,140000
65,NA,9375,7,5,1997,1998,1057,2034,3,8,0,1998,2,645,576,219500
66,76,9591,8,5,2004,2005,1143,2473,4,9,1,2004,3,852,192,317000
67,NA,19900,7,5,1970,1989,1947,2207,3,7,1,1970,2,576,301,180000
68,72,10665,7,5,2003,2003,1453,1479,3,7,0,2003,2,558,144,226000
69,47,4608,4,6,1945,1950,747,747,2,4,0,1945,1,220,0,80000
70,81,15593,7,4,1953,1953,1304,2287,3,7,1,1953,2,667,0,225000
71,95,13651,7,6,1973,1973,2223,2223,3,8,2,1973,2,516,300,244000
72,69,7599,4,6,1982,2006,845,845,2,4,0,1987,2,360,0,129500
73,74,10141,7,5,1998,1998,832,1718,3,7,1,1998,2,427,0,185000
74,85,10200,5,7,1954,2003,1086,1086,3,6,0,1989,2,490,0,144900
75,60,5790,3,6,1915,1950,840,1605,3,8,0,1915,1,379,0,107400
76,21,1596,4,5,1973,1973,462,988,2,5,0,1973,1,297,120,91000
77,NA,8475,4,7,1956,1956,952,952,2,4,0,1956,1,283,0,135750
78,50,8635,5,5,1948,2001,672,1285,2,6,0,1948,1,240,0,127000
79,72,10778,4,5,1968,1968,1768,1768,4,8,0,NA,0,0,0,136500
80,60,10440,5,6,1910,1981,440,1230,2,5,0,1966,2,440,74,110000
81,100,13000,6,6,1968,1968,896,2142,4,8,1,1968,1,509,0,193500
82,32,4500,6,5,1998,1998,1237,1337,2,5,0,1998,2,405,0,153500
83,78,10206,8,5,2007,2007,1563,1563,3,6,1,2007,3,758,144,245000
84,80,8892,5,5,1960,1960,1065,1065,3,6,0,1974,2,461,74,126500
85,NA,8530,7,5,1995,1996,384,1474,3,7,1,1995,2,400,120,168500
86,121,16059,8,5,1991,1992,1288,2417,4,9,1,1991,2,462,127,260000
87,122,11911,6,5,2005,2005,684,1560,3,6,1,2005,2,400,100,174000
88,40,3951,6,5,2009,2009,612,1224,2,4,0,2009,2,528,0,164500
89,105,8470,3,2,1915,1982,1013,1526,2,6,0,NA,0,0,0,85000
90,60,8070,4,5,1994,1995,990,990,3,5,0,NA,0,0,0,123600
91,60,7200,4,5,1950,1950,0,1040,2,4,0,1950,2,420,0,109900
92,85,8500,5,3,1961,1961,1235,1235,2,6,0,1961,2,480,0,98600
93,80,13360,5,7,1921,2006,876,964,2,5,0,1921,2,432,0,163500
94,60,7200,6,6,1910,1998,1214,2291,4,9,1,1900,2,506,0,133900
95,69,9337,6,5,1997,1997,824,1786,3,7,0,1997,2,684,0,204750
96,NA,9765,6,8,1993,1993,680,1470,3,6,1,1993,2,420,232,185000
97,78,10264,7,5,1999,1999,1588,1588,3,6,0,1999,2,472,158,214000
98,73,10921,4,5,1965,1965,960,960,3,6,0,1965,1,432,120,94750
99,85,10625,5,5,1920,1950,458,835,2,5,0,1920,1,366,0,83000
100,77,9320,4,5,1959,1959,950,1225,3,6,0,NA,0,0,352,128950
101,NA,10603,6,7,1977,2001,1610,1610,3,6,2,1977,2,480,168,205000
102,77,9206,6,5,1985,1985,741,1732,3,7,1,1985,2,476,192,178000
103,64,7018,5,5,1979,1979,0,1535,4,8,0,1979,2,410,0,118964
104,94,10402,7,5,2009,2009,1226,1226,3,6,0,2009,3,740,0,198900
105,NA,7758,7,4,1931,1950,1040,1818,4,7,2,1951,1,240,0,169500
106,75,9375,8,5,2003,2004,1053,1992,3,9,1,2003,2,648,140,250000
107,60,10800,4,7,1885,1995,641,1047,2,6,0,1954,1,273,0,100000
108,50,6000,5,5,1948,1950,789,789,2,5,0,1948,1,250,0,115000
109,85,8500,5,7,1919,2005,793,1517,3,7,0,NA,0,0,0,115000
110,105,11751,6,6,1977,1977,1844,1844,3,7,1,1977,2,546,0,190000
111,75,9525,6,4,1954,1972,994,1855,4,7,0,1954,1,325,182,136900
112,NA,7750,7,5,2000,2000,384,1430,3,7,1,2000,2,400,180,180000
113,77,9965,7,5,2007,2007,1264,2696,4,10,1,2007,3,792,120,383970
114,NA,21000,6,5,1953,1953,1809,2259,3,7,2,1953,2,450,166,217000
115,61,7259,6,8,1945,2002,1028,2320,3,9,1,1945,1,180,224,259500
116,34,3230,6,5,1999,1999,729,1458,2,5,1,1999,2,440,0,176000
117,NA,11616,5,5,1962,1962,1092,1092,3,6,1,1962,1,288,0,139000
118,74,8536,5,5,2006,2007,1125,1125,2,5,0,2007,2,430,80,155000
119,90,12376,7,5,1990,1990,1673,3222,5,11,2,1990,3,594,367,320000
120,65,8461,6,5,2005,2006,728,1456,3,8,1,2005,2,390,0,163990
121,NA,21453,6,5,1969,1969,938,988,1,4,2,1969,2,540,0,180000
122,50,6060,4,5,1939,1950,732,1123,3,4,0,1979,1,264,0,100000
123,75,9464,6,7,1958,1958,1080,1080,3,5,0,1958,1,288,0,136000
124,55,7892,6,5,1993,1993,1199,1199,2,5,0,1993,2,530,0,153900
125,48,17043,6,5,1979,1998,1362,1586,3,7,1,1979,2,435,192,181000
126,60,6780,6,8,1935,1982,520,754,2,5,0,NA,0,0,53,84500
127,NA,4928,6,5,1976,1976,1078,958,2,5,1,1977,2,440,0,128000
128,55,4388,5,7,1930,1950,672,840,3,5,1,NA,0,0,0,87000
129,69,7590,6,5,1966,1966,660,1348,3,6,1,1966,2,453,188,155000
130,69,8973,5,7,1958,1991,1008,1053,3,6,0,1998,2,750,0,150000
131,88,14200,7,6,1966,1966,924,2157,4,8,2,1966,2,487,105,226000
132,NA,12224,6,5,2000,2000,992,2054,3,7,1,2000,2,390,24,244000
133,75,7388,5,6,1959,2002,1063,1327,3,7,0,1974,2,624,0,150750
134,NA,6853,8,5,2001,2002,1267,1296,2,6,0,2001,2,471,192,220000
135,78,10335,5,6,1968,1993,1461,1721,3,7,1,1968,2,440,0,180000
136,80,10400,7,6,1970,1970,1304,1682,3,7,1,1970,2,530,98,174000
137,NA,10355,5,5,1967,1967,1214,1214,3,5,1,1967,1,318,0,143000
138,82,11070,7,5,1988,1989,1907,1959,5,9,0,1989,3,766,0,171000
139,73,9066,8,5,1999,2000,1004,1852,3,7,2,1999,3,660,224,230000
140,65,15426,6,5,1997,1997,928,1764,3,7,0,1997,2,470,276,231500
141,70,10500,4,5,1971,1971,864,864,3,5,1,NA,0,0,0,115000
142,78,11645,7,5,2005,2005,1734,1734,3,7,0,2005,2,660,160,260000
143,71,8520,5,4,1952,1952,910,1385,4,6,0,2000,2,720,0,166000
144,78,10335,7,5,1999,1999,1490,1501,3,6,0,1999,2,577,144,204000
145,70,9100,5,5,1963,1963,1728,1728,6,10,0,1963,2,504,0,125000
146,24,2522,6,5,2004,2006,970,1709,3,7,0,2004,2,380,0,130000
147,51,6120,5,7,1931,1993,715,875,2,5,0,1931,1,180,48,105000
148,NA,9505,7,5,2001,2001,884,2035,3,8,1,2001,2,434,144,222500
149,63,7500,7,5,2004,2005,1080,1080,3,6,0,NA,0,0,0,141000
150,NA,6240,5,4,1936,1950,896,1344,3,7,0,1936,1,240,200,115000
151,120,10356,5,6,1975,1975,969,969,3,5,0,1975,2,440,0,122000
152,107,13891,8,5,2007,2008,1710,1710,2,6,1,2007,3,866,0,372402
153,NA,14803,6,5,1971,1971,825,1993,4,8,1,1971,2,495,0,190000
154,NA,13500,6,7,1960,1975,1602,1252,1,4,1,1960,2,564,409,235000
155,84,11340,6,5,1923,1950,1200,1200,4,7,0,1923,1,312,0,125000
156,60,9600,6,5,1924,1950,572,1096,2,5,0,NA,0,0,0,79000
157,60,7200,5,7,1950,1950,0,1040,2,5,0,1950,2,625,0,109500
158,92,12003,8,5,2009,2010,774,1968,4,8,1,2009,3,680,0,269500
159,100,12552,7,5,2004,2005,991,1947,3,8,1,2004,2,678,0,254900
160,134,19378,7,5,2005,2006,1392,2462,4,9,1,2006,2,576,239,320000
161,NA,11120,6,6,1984,1984,1232,1232,3,6,0,1984,2,516,0,162500
162,110,13688,9,5,2003,2004,1572,2668,3,10,2,2003,3,726,400,412500
163,95,12182,7,5,2005,2005,1541,1541,3,7,1,2005,2,532,0,220000
164,55,5500,4,6,1956,1956,882,882,1,4,0,NA,0,0,0,103200
165,40,5400,6,7,1926,2004,1149,1616,3,5,0,1926,1,216,0,152000
166,62,10106,5,7,1940,1999,644,1355,4,6,0,NA,0,0,140,127500
167,NA,10708,5,5,1955,1993,1617,1867,2,7,3,1955,1,303,476,190000
168,86,10562,8,5,2007,2007,1582,2161,3,8,1,2007,3,789,178,325624
169,62,8244,7,5,2004,2004,840,1720,3,7,1,2004,2,440,100,183500
170,NA,16669,8,6,1981,1981,1686,1707,2,6,1,1981,2,511,574,228000
171,NA,12358,5,6,1941,1950,720,1382,2,7,0,1991,2,660,237,128500
172,141,31770,6,5,1960,1960,1080,1656,3,7,2,1960,2,528,210,215000
173,44,5306,7,7,1987,1987,1064,1767,2,5,1,1987,2,504,441,239000
174,80,10197,6,5,1961,1961,1362,1362,3,6,1,1961,2,504,0,163000
175,47,12416,6,5,1986,1986,1606,1651,3,7,1,1986,2,616,192,184000
176,84,12615,6,7,1950,2001,1202,2158,4,7,1,1950,2,576,0,243000
177,97,10029,6,5,1988,1989,1151,2060,4,8,1,1988,2,521,0,211000
178,NA,13650,5,5,1958,1958,1052,1920,4,8,1,1958,2,451,0,172500
179,63,17423,9,5,2008,2009,2216,2234,1,9,1,2009,3,1166,0,501837
180,60,8520,5,6,1923,2006,968,968,2,5,0,1935,2,480,0,100000
181,NA,2117,6,5,2000,2000,756,1525,3,5,1,2000,2,440,0,177000
182,54,7588,7,6,1920,1950,793,1802,4,9,1,1920,1,216,0,200100
183,60,9060,5,6,1957,2006,0,1340,3,7,1,1957,1,252,116,120000
184,63,11426,7,5,2003,2003,1362,2082,3,6,0,2003,2,484,280,200000
185,92,7438,5,8,1908,1991,504,1252,3,5,0,1986,2,576,104,127000
186,90,22950,10,9,1892,1993,1107,3608,4,12,2,1993,3,840,0,475000
187,NA,9947,7,5,1990,1991,1188,1217,3,6,0,1990,2,497,168,173000
188,60,10410,5,7,1916,1987,660,1656,3,8,0,1916,1,180,0,135000
189,64,7018,5,5,1979,1979,1086,1224,2,6,2,1979,2,528,120,153337
190,41,4923,8,5,2001,2002,1593,1593,0,5,1,2001,2,682,0,286000
191,70,10570,8,8,1932,1994,853,2727,3,10,2,1932,2,440,0,315000
192,NA,7472,7,9,1972,2004,725,1479,4,7,0,1972,2,484,0,184000
193,68,9017,7,5,1999,1999,1431,1431,3,6,0,1999,2,666,0,192000
194,24,2522,7,5,2004,2004,970,1709,3,7,0,2004,2,380,0,130000
195,60,7180,5,7,1972,1972,864,864,3,5,0,1989,1,352,0,127000
196,24,2280,6,6,1976,1976,855,1456,3,7,1,1976,2,440,87,148500
197,79,9416,7,5,2007,2007,1726,1726,3,8,1,2007,3,786,171,311872
198,174,25419,8,4,1918,1990,1360,3112,4,8,1,1918,2,795,0,235000
199,92,5520,6,6,1912,1950,755,2229,5,8,0,NA,0,0,0,104000
200,76,9591,8,5,2004,2005,1713,1713,3,7,1,2004,3,856,0,274900
201,80,8546,4,5,2003,2004,1121,1121,2,5,0,2003,2,440,132,140000
202,75,10125,6,6,1977,1977,1196,1279,3,6,2,1980,2,473,238,171500
203,50,7000,6,6,1924,1950,617,1310,2,6,0,1924,1,398,0,112000
204,NA,4438,6,5,2004,2004,848,848,1,3,1,2004,2,420,149,149000
205,50,3500,5,7,1947,1950,720,1284,2,5,0,1948,1,240,0,110000
206,99,11851,7,5,1990,1990,1424,1442,3,5,0,1990,2,500,0,180500
207,40,13673,5,5,1962,1962,1140,1696,3,8,1,1962,1,349,0,143900
208,NA,12493,4,5,1960,1960,1100,1100,3,6,1,1960,1,312,355,141000
209,NA,14364,7,5,1988,1989,1157,2062,3,7,1,1988,2,454,60,277000
210,75,8250,6,7,1964,1964,1092,1092,3,6,0,1964,2,504,0,145000
211,67,5604,5,6,1925,1950,864,864,2,5,0,NA,0,0,0,98000
212,83,10420,6,5,2009,2009,1212,1212,3,6,0,2009,2,460,100,186000
213,72,8640,7,5,2009,2009,900,1852,3,7,1,2009,2,644,168,252678
214,43,13568,5,5,1995,1995,990,990,3,5,0,1996,2,576,224,156000
215,NA,10900,6,7,1977,1977,689,1392,3,6,0,1977,1,299,0,161750
216,72,10011,5,6,1957,1996,1070,1236,2,6,1,1957,1,447,0,134450
217,65,8450,7,5,2004,2004,1436,1436,3,8,0,2004,2,484,139,210000
218,57,9906,4,4,1925,1950,686,1328,3,8,0,1940,1,210,0,107000
219,NA,15660,7,9,1939,2006,798,1954,3,8,2,1939,2,431,0,311500
220,43,3010,7,5,2005,2006,1248,1248,2,5,0,2005,2,438,108,167240
221,73,8990,7,5,2006,2006,1498,1498,2,5,0,2006,2,675,351,204900
222,NA,8068,6,5,2002,2002,1010,2267,4,8,1,2002,2,390,120,200000
223,85,11475,6,6,1975,1975,713,1552,3,6,1,1975,2,434,209,179900
224,70,10500,4,6,1971,1971,864,864,2,4,0,1989,2,576,216,97000
225,103,13472,10,5,2003,2003,2392,2392,3,8,1,2003,3,968,248,386250
226,21,1680,5,5,1971,1971,630,1302,3,6,0,1991,1,280,0,112000
227,82,9950,7,5,1995,1995,1203,2520,4,9,1,1995,3,721,224,290000
228,21,1869,6,6,1970,1970,483,987,2,5,0,1987,1,280,0,106000
229,70,8521,5,5,1967,1967,912,912,3,5,1,1974,1,336,0,125000
230,43,3182,7,5,2005,2006,1373,1555,2,7,1,2005,2,430,143,192500
231,73,8760,6,6,1959,1959,1194,1194,3,6,0,1959,1,312,0,148000
232,174,15138,8,5,1995,1996,1462,2794,4,9,1,1995,3,810,0,403000
233,21,1680,6,5,1972,1972,483,987,2,5,1,1972,1,288,0,94500
234,75,10650,5,6,1976,1976,894,894,3,5,0,1976,1,308,365,128200
235,NA,7851,6,5,2002,2002,860,1960,4,8,2,2002,2,440,288,216500
236,21,1680,6,3,1971,1971,483,987,2,5,0,1971,1,264,0,89500
237,65,8773,7,5,2004,2004,1414,1414,3,6,0,2004,2,494,132,185500
238,NA,9453,7,7,1993,2003,996,1744,3,7,0,1993,2,457,370,194500
239,93,12030,8,5,2007,2007,1694,1694,3,7,0,2007,3,818,168,318000
240,52,8741,6,4,1945,1950,735,1487,3,7,1,1949,1,220,0,113000
241,75,9000,8,5,2008,2008,1566,1566,3,7,0,2008,2,750,144,262500
242,40,3880,5,9,1945,1997,686,866,2,4,0,NA,0,0,58,110500
243,63,5000,5,4,1900,1950,540,1440,3,6,0,1940,1,352,0,79000
244,75,10762,6,6,1980,1980,626,1217,3,6,1,1980,1,288,0,120000
245,NA,8880,7,5,1994,2002,948,2110,3,8,2,1994,2,463,0,205000
246,80,10400,7,5,1988,1988,1845,1872,3,6,1,1988,2,604,197,241500
247,69,9142,6,8,1910,1950,1020,1928,4,9,0,1910,1,440,0,137000
248,75,11310,6,5,1954,1954,1367,1375,2,5,1,1954,2,451,0,140000
249,72,11317,7,5,2003,2003,840,1668,3,8,0,2003,2,500,144,180000
250,NA,159000,6,7,1958,2006,1444,2144,4,7,2,1958,2,389,0,277000
251,55,5350,3,2,1940,1966,728,1306,3,6,0,NA,0,0,263,76500
252,44,4750,8,5,2006,2007,1573,1625,2,5,1,2006,2,538,123,235000
253,65,8366,6,5,2004,2004,798,1640,3,6,0,2004,2,520,138,173000
254,85,9350,6,7,1964,1991,1302,1302,3,7,0,1964,1,309,333,158000
255,70,8400,5,6,1957,1957,1314,1314,3,5,0,1957,1,294,250,145000
256,66,8738,7,5,1999,1999,975,2291,4,8,1,1999,2,429,192,230000
257,64,8791,6,5,2003,2003,864,1728,3,7,0,2003,2,673,216,207500
258,68,8814,7,5,2006,2006,1604,1604,3,8,1,2006,2,660,123,220000
259,80,12435,7,5,2001,2001,963,1792,3,7,1,2001,2,564,0,231500
260,70,12702,5,5,1956,1956,0,882,2,4,0,1956,1,308,0,97000
261,120,19296,6,5,1962,1962,1362,1382,3,6,1,1991,2,884,0,176000
262,69,9588,8,5,2007,2007,1482,2574,3,10,1,2007,3,868,0,276000
263,88,8471,6,7,1977,1995,506,1212,3,6,1,1978,2,492,292,151000
264,50,5500,5,7,1929,2001,926,1316,3,6,0,1974,2,484,0,130000
265,30,5232,5,5,1925,2004,680,764,2,4,0,1965,2,504,0,73000
266,78,12090,6,6,1981,1981,1422,1422,3,7,1,1981,2,576,276,175500
267,70,11207,6,5,1997,1997,802,1511,3,8,1,1997,2,413,95,185000
268,60,8400,5,8,1939,1997,720,2192,4,8,1,1939,1,240,262,179500
269,71,6900,5,6,1940,1955,740,778,2,4,1,1966,1,924,0,120500
270,NA,7917,6,7,1976,1976,1143,1113,3,6,1,1987,1,504,370,148000
271,84,10728,8,5,2006,2006,1095,1939,3,8,1,2006,3,1053,192,266000
272,73,39104,7,7,1954,2005,1385,1363,2,5,2,1954,2,439,81,241500
273,92,11764,8,7,1999,2007,1152,2270,4,9,1,1999,3,671,132,290000
274,80,9600,6,6,1958,1988,1240,1632,3,6,1,1958,1,338,289,139000
275,76,8314,5,7,1982,1982,816,816,2,5,0,1982,1,264,168,124500
276,55,7264,7,7,1925,2007,952,1548,3,5,0,1978,2,672,74,205000
277,129,9196,7,5,2003,2003,1560,1560,3,7,0,2003,2,573,100,201000
278,140,19138,4,5,1951,1951,864,864,2,4,0,1951,2,400,0,141000
279,107,14450,9,5,2006,2007,2121,2121,3,8,1,2007,3,732,124,415298
280,83,10005,7,5,1977,1977,1160,2022,4,8,1,1977,2,505,288,192000
281,82,11287,7,6,1989,1989,807,1982,3,7,1,1989,2,575,0,228500
282,60,7200,6,5,2006,2006,1262,1262,2,5,0,2006,2,572,0,185000
283,34,5063,7,5,2007,2008,1314,1314,2,6,1,2008,2,626,172,207500
284,74,9612,8,5,2008,2009,1468,1468,3,6,1,2008,3,898,210,244600
285,50,8012,6,5,1992,1992,1575,1575,2,5,0,1992,2,529,0,179200
286,35,4251,7,5,2006,2007,625,1250,2,5,0,2006,2,528,0,164700
287,77,9786,6,7,1962,1981,912,1734,3,7,1,1962,2,440,0,159000
288,NA,8125,4,4,1971,1971,858,858,3,5,0,NA,0,0,0,88000
289,NA,9819,5,5,1967,1967,882,900,3,5,0,1970,1,280,0,122000
290,60,8730,6,7,1915,2003,698,1396,3,7,0,2003,1,384,0,153575
291,120,15611,8,5,2006,2006,1079,1919,3,8,1,2006,2,685,0,233230
292,55,5687,5,6,1912,2000,780,1716,6,9,0,NA,0,0,0,135900
293,60,11409,5,4,1949,2008,768,1716,3,8,1,1949,1,281,0,131000
294,NA,16659,7,7,1977,1994,795,2263,3,9,1,1977,2,539,0,235000
295,80,9600,6,5,1953,1953,1416,1644,3,7,2,1953,2,418,110,167000
296,37,7937,6,6,1984,1984,1003,1003,3,6,0,1984,2,588,120,142500
297,75,13710,5,5,1950,1950,910,1558,4,6,0,1950,1,282,289,152000
298,66,7399,7,5,1997,1998,975,1950,3,7,1,1997,2,576,0,239000
299,90,11700,6,6,1968,1968,702,1743,3,7,1,1968,2,539,224,175000
300,80,14000,6,8,1950,2004,1092,1152,3,6,1,1950,1,300,0,158500
301,90,15750,5,5,1953,1953,1165,1336,2,5,2,1953,1,375,0,157000
302,66,16226,8,5,1998,1999,1028,2452,4,9,1,1998,2,683,208,267000
303,118,13704,7,5,2001,2002,1541,1541,3,6,1,2001,3,843,468,205000
304,70,9800,5,7,1972,1972,894,894,3,5,0,1975,2,552,256,149900
305,87,18386,7,9,1880,2002,1470,3493,3,10,1,2003,3,870,302,295000
306,80,10386,8,5,2004,2005,2000,2000,3,8,0,2004,3,888,168,305900
307,116,13474,7,5,1990,1991,700,2243,4,8,1,1990,3,746,127,225000
308,NA,7920,6,7,1920,1950,319,1406,3,6,0,NA,0,0,0,89500
309,NA,12342,4,5,1940,1950,861,861,1,4,0,1961,2,539,158,82500
310,90,12378,9,5,2003,2004,1896,1944,3,8,3,2003,3,708,208,360000
311,NA,7685,6,5,1993,1994,697,1501,3,6,1,1993,2,420,190,165600
312,50,8000,6,6,1948,2002,972,972,2,5,1,1948,1,240,0,132000
313,65,7800,5,7,1939,1950,793,1118,3,5,1,1939,2,410,0,119900
314,150,215245,7,5,1965,1965,2136,2036,3,8,2,1965,2,513,0,375000
315,60,9600,7,7,1925,1990,728,1641,3,6,1,1925,2,546,0,178000
316,71,7795,7,5,2004,2005,716,1432,3,6,1,2004,2,432,100,188500
317,94,13005,7,7,1980,1980,845,2353,4,10,1,1983,2,484,288,260000
318,75,9000,8,5,2006,2006,1088,1959,3,8,1,2006,3,1025,208,270000
319,90,9900,7,5,1993,1993,1347,2646,4,9,1,1993,3,656,340,260000
320,NA,14115,7,5,1980,1980,1372,1472,3,6,2,1980,2,588,233,187500
321,111,16259,9,5,2006,2006,1249,2596,4,9,0,2006,3,840,240,342643
322,99,12099,8,5,2004,2004,1136,2468,4,10,1,2004,3,872,184,354000
323,86,10380,7,5,1986,1987,1502,2730,4,8,1,1987,2,576,201,301000
324,49,5820,3,8,1955,2005,1162,1163,3,6,0,1955,1,220,142,126175
325,96,11275,7,7,1967,2007,710,2978,5,11,1,1961,2,564,240,242000
326,50,5000,5,6,1941,1950,720,803,2,5,0,1941,2,360,0,87000
327,32,10846,8,5,1993,1993,1719,1719,1,6,2,1993,2,473,122,324000
328,80,11600,6,5,1960,1960,1383,1383,3,7,0,1960,1,292,0,145250
329,NA,11888,6,6,1916,1994,844,2134,5,10,0,1930,2,441,0,214500
330,60,6402,5,5,1920,1950,596,1192,3,6,0,1920,1,189,0,78000
331,NA,10624,5,4,1964,1964,1728,1728,6,10,0,2002,1,352,155,119000
332,70,8176,5,6,1958,1992,1056,1056,3,6,0,1958,1,308,0,139000
333,85,10655,8,5,2003,2004,3206,1629,3,7,1,2003,3,880,0,284000
334,59,8198,7,5,2004,2004,1358,1358,2,6,1,2004,2,484,192,207000
335,59,9042,6,5,1998,1998,943,1638,3,7,2,1998,2,472,100,192000
336,NA,164660,5,6,1965,1965,1499,1786,3,7,2,1965,2,529,670,228950
337,86,14157,9,5,2005,2006,1922,1922,3,8,1,2005,3,676,178,377426
338,70,9135,7,5,2002,2003,1536,1536,3,7,0,2002,2,532,192,214000
339,91,14145,7,7,1984,1998,1208,1621,3,8,0,1984,2,440,108,202500
340,66,12400,6,7,1958,1998,1215,1215,3,6,0,1958,1,297,0,155000
341,85,14191,8,5,2002,2002,967,1908,4,9,0,2002,2,431,135,202900
342,60,8400,4,4,1950,1950,721,841,2,4,0,1950,1,294,250,82000
343,NA,8544,3,4,1949,1950,0,1040,2,6,0,1949,2,400,0,87500
344,63,8849,9,5,2005,2005,1684,1684,2,6,1,2005,2,564,495,266000
345,36,2592,5,3,1976,1976,536,1112,3,4,0,1976,1,336,182,85000
346,65,6435,6,5,1939,1950,972,1577,3,6,1,1939,1,312,0,140200
347,NA,12772,6,8,1960,1998,958,958,2,5,0,1960,1,301,0,151500
348,NA,17600,6,5,1960,1960,1478,1478,3,6,2,1960,2,498,0,157500
349,36,2448,7,5,2003,2004,764,1626,2,6,0,2003,2,474,0,154000
350,56,20431,9,5,2005,2006,1848,2728,4,10,2,2006,3,706,0,437154
351,68,7820,9,5,2007,2007,1869,1869,2,6,1,2007,2,617,210,318061
352,NA,5271,7,5,1986,1986,1453,1453,2,6,1,1986,2,445,0,190000
353,60,9084,5,6,1941,1950,616,1111,3,5,0,1941,1,200,48,95000
354,60,8520,6,8,1928,2003,624,720,2,5,0,2005,2,484,106,105900
355,60,8400,6,5,1940,2000,940,1595,2,6,2,1940,1,240,0,140000
356,105,11249,6,5,1995,1995,1200,1200,3,6,0,1995,2,521,0,177500
357,NA,9248,6,6,1992,1992,1158,1167,3,6,0,1992,2,400,120,173000
358,44,4224,5,5,1976,1976,1142,1142,3,6,1,1976,2,528,536,134000
359,92,6930,5,4,1958,1958,1062,1352,3,6,0,1958,1,288,168,130000
360,78,12011,8,5,1998,1998,1086,1924,3,7,1,1998,2,592,208,280000
361,NA,7540,6,6,1978,1978,888,912,2,5,1,1978,2,470,0,156000
362,NA,9144,5,5,1940,1982,883,1505,3,8,0,1940,1,240,0,145000
363,64,7301,7,5,2003,2003,0,1922,4,7,1,2003,2,672,0,198500
364,21,1680,6,8,1972,2007,483,987,2,5,0,1972,1,264,250,118000
365,NA,18800,6,5,1976,1976,796,1574,3,6,1,1976,2,566,306,190000
366,59,10690,5,7,1920,1997,672,1344,3,6,0,1964,1,468,0,147000
367,NA,9500,6,5,1963,1963,1394,1394,3,6,2,1963,2,514,0,159000
368,101,9150,6,5,1962,1962,1099,1431,3,6,1,1962,1,296,64,165000
369,78,7800,5,6,1954,1954,1268,1268,2,7,1,1954,1,244,0,132000
370,NA,9830,5,7,1959,2006,1063,1287,3,7,1,1997,2,576,364,162000
371,NA,8121,6,5,2000,2000,953,1664,3,7,1,2000,2,460,100,172400
372,80,17120,4,4,1959,1959,0,1588,4,7,1,1991,2,680,0,134432
373,50,7175,6,5,1984,1984,744,752,2,4,0,1984,1,264,353,125000
374,79,10634,5,6,1953,1953,608,1319,3,5,0,1953,1,270,66,123000
375,65,8200,7,5,2003,2004,847,1928,4,8,1,2003,2,434,100,219500
376,NA,10020,1,1,1922,1950,683,904,1,4,0,NA,0,0,0,61000
377,57,8846,5,5,1996,1996,870,914,2,5,0,1998,2,576,0,148000
378,102,11143,8,5,2004,2005,1580,2466,4,8,1,2004,2,610,159,340000
379,88,11394,9,2,2010,2010,1856,1856,1,8,1,2010,3,834,113,394432
380,60,8123,6,5,2000,2000,982,1800,3,7,1,2000,2,463,100,179000
381,50,5000,5,6,1924,1950,1026,1691,3,6,1,1924,1,308,0,127000
382,60,7200,7,5,2006,2006,1293,1301,2,5,1,2006,2,572,216,187750
383,79,9245,7,5,2006,2006,939,1797,3,8,0,2006,2,639,144,213500
384,60,9000,6,3,1928,1950,784,784,2,5,0,1950,2,360,0,76000
385,NA,53107,6,5,1992,1992,1580,1953,3,9,2,1992,2,501,216,240000
386,43,3182,8,5,2004,2005,1256,1269,2,6,1,2004,2,430,146,192000
387,58,8410,5,3,1910,1996,658,1184,5,8,0,NA,0,0,0,81000
388,72,7200,6,6,1976,1976,1041,1125,3,6,1,1977,1,352,296,125000
389,93,9382,7,5,1999,2000,1468,1479,3,6,0,1999,2,577,120,191000
390,96,12474,10,5,2007,2008,1682,2332,3,9,1,2008,3,846,196,426000
391,50,8405,5,8,1900,1950,861,1367,4,7,0,1978,1,384,0,119000
392,71,12209,6,5,2001,2002,804,1961,3,7,1,2001,2,560,125,215000
393,NA,8339,5,7,1959,1959,0,882,3,5,0,1959,1,294,0,106500
394,NA,7446,4,5,1941,1950,788,788,2,4,2,NA,0,0,0,100000
395,60,10134,5,6,1940,1950,735,1034,2,5,0,1940,1,240,0,109000
396,68,9571,5,6,1956,1956,1144,1144,3,6,0,1956,1,596,44,129000
397,60,7200,5,5,1972,1972,894,894,2,6,0,1985,2,600,215,123000
398,69,7590,5,5,1962,1962,864,1812,4,8,1,1962,1,264,0,169500
399,60,8967,5,2,1920,1950,961,1077,2,6,0,1920,1,338,0,67000
400,65,8125,7,5,2006,2007,1092,1550,2,7,0,2007,2,438,0,241000
401,38,14963,8,5,1996,1996,1260,1288,1,4,2,1996,2,500,120,245500
402,65,8767,7,5,2005,2005,1310,1310,3,6,1,2005,2,400,0,164990
403,60,10200,5,8,1940,1997,672,672,2,4,0,1940,1,240,168,108000
404,93,12090,8,5,1998,1998,1141,2263,4,10,1,1998,2,420,144,258000
405,NA,10364,6,5,1995,1996,806,1572,3,7,1,1995,2,373,0,168000
406,NA,9991,4,4,1976,1993,1281,1620,3,8,1,1993,2,490,120,150000
407,51,10480,6,5,1936,1950,1064,1639,3,6,0,1936,1,240,0,115000
408,63,15576,6,7,1915,1976,840,1680,4,8,0,1960,1,308,0,177000
409,109,14154,7,5,2006,2006,1063,2172,3,9,1,2006,3,947,192,280000
410,85,10800,8,5,2007,2008,1034,2078,3,8,1,2008,3,836,0,339750
411,68,9571,5,3,1958,1958,1276,1276,3,5,0,1958,1,350,0,60000
412,100,34650,5,5,1955,1955,1056,1056,3,5,0,1955,2,572,264,145000
413,NA,4403,7,5,2009,2009,1470,1478,2,7,1,2009,2,484,0,222000
414,56,8960,5,6,1927,1950,1008,1028,2,5,1,1927,2,360,0,115000
415,59,11228,7,5,1993,1993,1080,2097,3,9,1,1993,3,678,196,228000
416,73,8899,7,5,2007,2007,1340,1340,3,6,0,2007,2,396,100,181134
417,74,7844,6,7,1978,1978,672,1400,3,6,1,1978,2,440,0,149500
418,86,22420,6,6,1918,1950,1370,2624,4,10,1,1918,3,864,0,239000
419,60,8160,5,6,1940,1950,756,1134,3,7,0,1940,1,240,0,126000
420,65,8450,5,6,1968,1968,1056,1056,3,6,1,1968,1,304,0,142000
421,78,7060,7,5,1997,1998,1344,1344,2,8,0,1997,4,784,0,206300
422,NA,16635,6,7,1977,2000,1602,1602,3,8,1,1977,2,529,240,215000
423,100,21750,5,5,1954,1954,988,988,2,4,0,1954,2,520,0,113000
424,80,9200,8,5,1998,1998,1470,2630,4,8,1,1998,3,696,0,315000
425,72,9000,6,5,1956,1956,1196,1196,2,6,1,1956,1,297,0,139000
426,60,3378,7,8,1946,1992,651,1389,3,6,2,1947,1,240,0,135000
427,NA,12800,7,5,1989,1989,1518,1644,2,5,1,1989,2,569,80,275000
428,77,8593,4,6,1957,1957,907,907,3,5,0,1964,1,352,0,109008
429,64,6762,7,5,2007,2007,1208,1208,2,6,0,2007,2,628,105,195400
430,130,11457,6,5,1988,1988,1392,1412,3,6,1,1988,2,576,0,175000
431,21,1680,6,5,1971,1971,483,987,2,4,0,1971,1,264,0,85400
432,60,5586,6,7,1920,1998,901,1198,4,7,0,NA,0,0,0,79900
433,24,1920,5,5,1971,1971,765,1365,2,6,0,1971,2,440,240,122500
434,100,10839,6,5,1997,1998,926,1604,3,7,1,1997,2,470,0,181000
435,21,1890,4,7,1972,1972,630,630,1,3,0,NA,0,0,88,81000
436,43,10667,7,6,1996,1996,799,1661,3,6,1,1996,2,550,158,212000
437,40,4400,6,8,1920,1950,648,1118,2,6,0,1990,2,440,0,116000
438,50,6000,6,7,1926,2004,884,904,2,4,0,1926,1,180,0,119000
439,40,4280,5,6,1913,2002,440,694,2,4,1,1990,1,352,0,90350
440,67,12354,6,8,1920,2000,684,1196,3,7,0,2005,2,528,0,110000
441,105,15431,10,5,2008,2008,3094,2402,2,10,2,2008,3,672,0,555000
442,92,12108,4,4,1955,1955,1440,1440,4,8,0,NA,0,0,0,118000
443,52,6240,5,7,1930,1992,1078,1573,3,8,1,1930,2,360,0,162900
444,53,3922,7,5,2006,2007,1258,1258,2,6,1,2007,3,648,144,172500
445,70,8750,7,5,1994,1995,915,1908,4,8,1,1994,2,493,144,210000
446,73,9855,6,5,1956,1956,1436,1689,3,7,1,1956,2,480,0,127500
447,137,16492,6,6,1966,2002,1517,1888,2,6,1,1966,2,578,0,190000
448,NA,11214,7,5,1998,1999,930,1886,4,10,1,1998,2,431,89,199900
449,50,8600,6,6,1937,1950,780,1376,3,7,1,1937,1,198,0,119500
450,50,6000,3,7,1948,2002,649,1183,2,6,0,1981,1,308,0,120000
451,70,5684,6,8,1930,2005,813,813,2,5,0,1932,1,270,0,110000
452,62,70761,7,5,1975,1975,1533,1533,2,5,2,1975,2,576,200,280000
453,NA,9303,6,5,1996,1997,872,1756,3,7,0,1996,2,422,144,204000
454,75,9000,8,5,2008,2008,768,1590,3,6,0,2008,2,676,0,210000
455,63,9297,5,5,1976,1976,1728,1728,4,8,0,1976,2,560,0,188000
456,80,9600,7,6,1973,1973,1242,1242,3,6,1,1973,2,528,0,175500
457,34,4571,5,5,1916,1950,624,1344,4,7,0,1916,3,513,0,98000
458,NA,53227,4,6,1954,1994,1364,1663,2,6,2,1954,2,529,224,256000
459,NA,5100,8,7,1925,1996,588,1666,3,7,1,1925,1,228,192,161000
460,NA,7015,5,4,1950,1950,709,1203,3,5,1,1950,1,352,0,110000
461,75,8004,8,5,2009,2009,832,1935,3,8,0,2009,2,552,0,263435
462,60,7200,7,9,1936,2007,560,1135,3,6,0,1971,2,576,256,155000
463,60,8281,5,5,1965,1965,864,864,3,5,1,1965,1,360,0,62383
464,74,11988,6,7,1934,1995,715,1660,3,6,1,1939,1,240,0,188700
465,60,8430,5,5,1978,1978,1040,1040,3,5,0,NA,0,0,0,124000
466,NA,3072,7,5,2004,2004,1375,1414,2,6,1,2004,2,398,144,178740
467,85,10628,7,5,1970,1970,1277,1277,2,5,1,1970,2,526,0,167000
468,79,9480,5,7,1942,1995,728,1644,3,7,2,1942,1,312,168,146500
469,98,11428,8,5,2006,2006,1626,1634,3,7,1,2006,3,866,0,250000
470,76,9291,6,5,1993,1993,832,1710,3,7,0,1993,2,506,144,187000
471,NA,6820,8,5,1985,1985,1488,1502,1,4,0,1985,2,528,0,212000
472,92,11952,7,6,1977,1977,808,1969,3,8,1,1977,2,534,0,190000
473,35,3675,6,5,2005,2005,547,1072,2,5,0,2005,2,525,0,148000
474,110,14977,8,5,2006,2007,1976,1976,2,7,1,2006,3,908,250,440000
475,41,5330,8,5,2000,2000,1494,1652,2,6,0,2000,2,499,96,251000
476,80,8480,5,6,1963,1963,970,970,2,5,0,1996,2,624,0,132500
477,75,13125,6,5,1997,1998,1478,1493,3,7,1,1997,2,508,140,208900
478,105,13693,9,5,2006,2006,2153,2643,3,9,1,2006,3,694,414,380000
479,79,10637,8,5,2007,2008,1705,1718,3,7,1,2007,3,826,208,297000
480,50,5925,4,7,1937,2000,907,1131,2,7,0,1995,2,672,0,89471
481,98,16033,9,5,2004,2005,1833,1850,3,8,1,2004,3,772,519,326000
482,72,11846,9,5,2003,2004,1792,1792,2,6,1,2003,3,874,206,374000
483,50,2500,7,8,1915,2005,910,1826,4,7,1,1915,1,164,0,155000
484,32,4500,6,5,1998,1998,1216,1216,2,5,0,1998,2,402,0,164000
485,NA,7758,5,7,1962,2001,999,999,3,6,0,1963,1,264,0,132500
486,80,9600,5,7,1950,2007,1113,1113,3,5,1,1950,1,264,0,147000
487,79,10289,5,7,1965,1965,1073,1073,3,6,0,1965,2,515,0,156000
488,70,12243,5,6,1971,1971,1484,1484,3,7,1,1971,2,487,224,175000
489,60,10800,5,4,1900,1970,954,2414,3,10,1,1970,2,520,142,160000
490,21,1526,4,8,1970,2002,630,630,1,3,0,1970,1,286,0,86000
491,NA,2665,5,6,1976,1976,264,1304,3,4,1,1976,1,336,141,115000
492,79,9490,6,7,1941,1950,806,1578,3,5,2,1941,1,240,0,133000
493,105,15578,6,5,2006,2006,728,1456,3,8,0,2006,2,429,0,172785
494,70,7931,5,6,1960,1960,1269,1269,3,6,1,1964,1,308,0,155000
495,50,5784,5,8,1938,1996,190,886,2,4,0,1938,1,273,144,91300
496,60,7879,4,5,1920,1950,720,720,2,4,0,NA,0,0,0,34900
497,NA,12692,8,5,1992,1993,3200,3228,4,10,1,1992,2,546,264,430000
498,60,9120,7,6,1925,1950,1026,1820,4,8,0,1925,1,240,0,184000
499,65,7800,5,7,1967,2004,864,899,3,5,0,1967,1,288,64,130000
500,70,7535,5,7,1958,1985,912,912,2,5,0,1958,1,297,12,120000
501,21,1890,6,5,1973,1973,672,1218,3,7,0,1973,1,264,144,113000
502,75,9803,7,5,2005,2005,866,1768,3,7,0,2005,2,603,0,226700
503,70,9170,5,7,1965,1965,1214,1214,2,6,0,1965,2,461,0,140000
504,100,15602,7,8,1959,1997,1501,1801,1,6,2,1959,2,484,0,289000
505,24,2308,6,5,1974,1974,855,1322,3,6,1,1974,2,440,260,147000
506,60,7596,5,5,1952,1952,960,1960,4,10,0,1952,2,400,0,124500
507,80,9554,8,5,1993,1994,777,1911,3,8,1,1993,2,471,182,215000
508,75,7862,6,5,2009,2009,1218,1218,2,4,0,2009,2,676,0,208300
509,60,9600,7,9,1928,2005,689,1378,3,7,1,1928,2,360,0,161000
510,80,9600,5,6,1959,1959,1041,1041,3,6,0,1959,1,270,224,124500
511,75,14559,5,7,1951,2000,1008,1363,2,6,2,1951,1,288,324,164900
512,40,6792,7,5,2005,2006,1368,1368,2,6,1,2005,2,474,132,202665
513,70,9100,5,5,1958,1958,864,864,3,5,0,1964,2,624,0,129900
514,71,9187,6,5,1983,1983,1084,1080,3,5,0,1983,2,484,120,134000
515,55,10594,5,5,1926,1950,768,789,2,5,0,1926,1,200,0,96500
516,94,12220,10,5,2009,2009,2006,2020,3,9,1,2009,3,900,156,402861
517,NA,10448,6,6,1972,1972,689,2119,3,7,1,1972,2,583,0,158000
518,79,10208,7,5,1996,1997,1264,2344,3,7,1,1996,3,889,220,265000
519,NA,9531,6,5,1998,1998,794,1796,3,7,0,1998,2,546,0,211000
520,53,10918,7,9,1926,2004,1276,2080,3,9,2,1926,1,282,0,234000
521,60,10800,4,7,1900,2000,0,1294,3,7,0,NA,0,0,220,106250
522,90,11988,6,6,1957,1957,1244,1244,3,6,2,1957,1,336,0,150000
523,50,5000,6,7,1947,1950,1004,1664,3,7,2,1950,2,420,0,159000
524,130,40094,10,5,2007,2008,3138,4676,3,11,1,2007,3,884,208,184750
525,95,11787,7,5,1996,1997,1379,2398,3,8,1,1996,3,834,239,315750
526,62,7500,7,5,2005,2005,1257,1266,3,6,1,2005,2,453,38,176000
527,70,13300,5,7,1956,2000,928,928,2,4,0,1956,1,252,261,132000
528,67,14948,9,5,2008,2008,1452,2713,3,11,1,2008,3,858,126,446261
529,58,9098,4,7,1920,2002,528,605,2,5,0,NA,0,0,0,86000
530,NA,32668,6,3,1957,1975,2035,2515,4,9,2,1975,2,484,0,200624
531,85,10200,6,5,1988,1989,1461,1509,3,5,1,1988,2,600,224,175000
532,60,6155,6,8,1920,1999,611,1362,3,6,0,1920,2,502,0,128000
533,60,7200,5,7,1955,2007,0,827,2,5,1,1967,1,392,0,107500
534,50,5000,1,3,1946,1950,0,334,1,2,0,NA,0,0,0,39300
535,74,9056,8,5,2004,2004,707,1414,3,6,1,2004,2,403,100,178000
536,70,7000,5,7,1910,1991,1117,1347,3,5,0,NA,0,0,85,107500
537,57,8924,7,5,1998,1999,880,1724,3,8,0,1998,2,527,120,188000
538,NA,12735,4,5,1972,1972,864,864,3,5,0,1980,2,576,216,111250
539,NA,11553,5,5,1968,1968,1051,1159,3,7,1,1968,1,336,466,158000
540,NA,11423,8,5,2001,2002,1581,1601,3,6,1,2001,2,670,180,272000
541,85,14601,9,5,2006,2006,1838,1838,2,8,1,2006,3,765,270,315000
542,NA,11000,8,5,2000,2000,969,2285,4,8,1,2000,3,648,0,248000
543,78,10140,7,5,1998,1999,1650,1680,3,7,1,1998,2,583,78,213250
544,34,4058,7,5,1998,1998,723,767,1,4,0,1998,1,367,120,133000
545,58,17104,7,5,2006,2006,654,1496,3,7,1,2006,2,426,100,179665
546,NA,13837,7,5,1988,1988,1204,2183,4,9,0,1988,3,786,0,229000
547,70,8737,6,7,1923,1950,1065,1635,3,6,1,1950,2,440,0,210000
548,54,7244,5,7,1970,1970,768,768,2,5,0,1987,2,624,104,129500
549,49,8235,5,7,1955,1995,825,825,2,4,0,1963,2,720,140,125000
550,75,9375,7,5,2003,2004,912,2094,4,8,1,2003,2,615,182,263000
551,53,4043,6,6,1977,1977,1069,1069,2,4,0,1977,2,440,0,140000
552,50,6000,5,6,1957,1957,928,928,3,5,0,1957,1,288,0,112500
553,87,11146,8,5,2006,2006,1709,1717,3,7,1,2006,3,908,169,255500
554,67,8777,4,5,1949,2003,0,1126,2,5,0,2002,2,520,0,108000
555,85,10625,7,5,2003,2004,998,2046,3,8,1,2003,3,871,320,284000
556,58,6380,5,6,1922,1950,993,1048,2,5,1,1922,1,280,0,113000
557,69,14850,5,5,1957,1957,1092,1092,2,6,1,1957,1,299,268,141000
558,60,11040,4,6,1920,1950,637,1336,3,7,0,1994,1,570,0,108000
559,57,21872,7,5,1996,1997,729,1446,3,6,1,1996,2,406,264,175000
560,NA,3196,7,5,2003,2004,1374,1557,2,7,1,2003,2,420,143,234000
561,NA,11341,5,6,1957,1996,1392,1392,3,5,1,1957,2,528,0,121500
562,77,10010,5,5,1974,1975,1389,1389,2,6,1,1975,2,418,240,170000
563,63,13907,5,6,1940,1969,996,996,3,6,1,NA,0,0,144,108000
564,66,21780,6,7,1918,1950,1163,1674,4,8,1,1955,2,396,72,185000
565,NA,13346,7,5,1992,2000,1095,2295,4,9,1,1992,2,590,0,268000
566,66,6858,6,4,1915,1950,806,1647,4,6,0,1920,1,216,0,128000
567,77,11198,9,5,2005,2007,1122,2504,4,11,1,2005,3,656,144,325000
568,70,10171,7,5,2004,2004,1517,1535,3,7,0,2004,2,532,0,214000
569,79,12327,8,8,1983,2009,1496,2132,1,5,1,1983,2,612,349,316600
570,NA,7032,5,5,1979,1979,943,943,2,4,2,1979,2,600,42,135960
571,74,13101,5,5,1965,1965,1728,1728,6,10,0,1987,2,576,0,142600
572,60,7332,6,6,1959,1959,864,864,2,4,0,1959,1,288,168,120000
573,83,13159,7,5,2009,2009,846,1692,3,6,0,2009,2,650,208,224500
574,76,9967,7,5,2000,2000,384,1430,3,8,1,2000,2,400,100,170000
575,70,10500,5,7,1971,2005,372,1109,3,5,0,1971,1,288,35,139000
576,80,8480,5,5,1947,1950,832,1216,2,6,0,1947,1,336,158,118500
577,52,6292,7,7,1928,1950,861,1477,3,6,1,1928,1,216,0,145000
578,96,11777,5,6,1966,1966,1164,1320,3,6,2,1966,2,564,160,164500
579,34,3604,7,5,2007,2007,689,1392,2,5,0,2007,2,540,0,146000
580,81,12150,5,5,1954,1954,1050,1795,4,7,0,1954,1,352,0,131500
581,NA,14585,6,6,1960,1987,1144,1429,3,7,2,1960,2,572,216,181900
582,98,12704,8,5,2008,2009,2042,2042,3,8,1,2009,3,1390,0,253293
583,81,11841,6,5,1990,1990,816,816,3,5,0,NA,0,0,0,118500
584,75,13500,10,9,1893,2000,1237,2775,3,9,1,1988,2,880,105,325000
585,51,6120,4,7,1935,1995,884,1573,3,6,0,1935,1,240,0,133000
586,88,11443,8,5,2005,2006,1868,2028,2,7,2,2005,3,880,326,369900
587,55,10267,6,7,1918,2000,816,838,2,5,0,1961,1,275,0,130000
588,74,8740,5,6,1982,1982,840,860,2,4,0,1996,2,528,0,137000
589,65,25095,5,8,1968,2003,1437,1473,1,5,2,1968,1,452,0,143000
590,50,9100,5,6,1930,1960,742,935,2,4,0,1988,1,308,0,79500
591,64,8320,7,5,2004,2004,770,1582,3,6,0,2004,2,520,0,185900
592,97,13478,10,5,2008,2008,1722,2296,3,10,1,2008,3,842,382,451950
593,60,6600,5,8,1982,2003,816,816,2,4,0,1985,2,816,0,138000
594,NA,4435,6,5,2003,2003,848,848,1,4,0,2003,2,420,140,140000
595,88,7990,5,6,1975,1975,924,924,3,5,0,1981,1,280,0,110000
596,69,11302,8,5,2005,2006,1814,1826,3,7,1,2005,3,758,180,319000
597,60,3600,6,7,1910,1993,684,1368,3,7,0,1930,1,216,0,114504
598,53,3922,7,5,2006,2007,1258,1402,2,7,1,2006,3,648,120,194201
599,80,12984,5,6,1977,1977,1430,1647,3,7,1,1977,2,621,0,217500
600,24,1950,6,6,1980,1980,716,1556,3,6,1,1980,2,452,161,151000
601,74,10927,8,5,2005,2005,1058,1904,3,8,1,2003,2,736,179,275000
602,50,9000,6,6,1937,1950,780,1375,3,6,1,1979,1,544,0,141000
603,80,10041,8,5,1992,1992,908,1915,3,8,1,1992,2,506,120,220000
604,30,3182,7,5,2004,2005,600,1200,2,4,0,2004,2,480,0,151000
605,88,12803,7,5,2002,2002,1494,1494,3,6,1,2002,2,530,192,221000
606,85,13600,7,6,1965,1990,768,1986,3,7,3,1965,2,486,0,205000
607,82,12464,5,5,1996,1996,1040,1040,3,6,0,2000,2,576,168,152000
608,78,7800,5,8,1948,2002,896,2008,3,8,0,1948,1,230,103,225000
609,78,12168,8,6,1934,1998,965,3194,4,10,2,1934,2,380,0,359100
610,61,7943,4,5,1961,1961,1029,1029,3,5,0,1961,1,261,64,118500
611,NA,11050,9,5,2000,2000,1440,2153,3,8,2,2000,3,736,253,313000
612,NA,10395,6,6,1978,1978,1032,1032,3,6,1,1978,2,564,0,148000
613,NA,11885,8,5,2001,2001,1299,1872,3,7,1,2001,2,531,160,261500
614,70,8402,5,5,2007,2007,1120,1120,3,6,0,NA,0,0,0,147000
615,21,1491,4,6,1972,1972,630,630,1,3,0,NA,0,0,96,75500
616,80,8800,6,7,1963,1963,936,1054,3,6,0,1963,2,480,120,137500
617,NA,7861,6,5,2002,2003,783,1509,3,7,1,2002,2,393,100,183200
618,59,7227,6,6,1954,1954,832,832,2,4,0,1962,2,528,0,105500
619,90,11694,9,5,2007,2007,1822,1828,3,9,1,2007,3,774,0,314813
620,85,12244,8,5,2003,2003,1482,2262,4,10,2,2003,3,749,168,305000
621,45,8248,3,3,1914,1950,864,864,2,5,0,NA,0,0,0,67000
622,90,10800,6,7,1974,1997,1522,2614,4,9,1,1974,2,624,38,240000
623,71,7064,5,6,1977,1977,980,980,3,6,0,1986,2,484,192,135000
624,NA,2117,6,5,2000,2000,756,1512,2,4,1,2000,2,440,0,168500
625,80,10400,6,5,1972,1972,732,1790,4,8,1,1972,2,484,148,165150
626,87,10000,6,6,1962,1962,1116,1116,3,5,0,1962,2,440,0,160000
627,NA,12342,5,5,1960,1978,978,1422,3,6,1,1960,1,286,0,139900
628,80,9600,6,6,1955,1972,1156,1520,3,7,2,1955,1,364,0,153000
629,70,11606,5,5,1969,1969,1040,2080,5,9,2,1969,2,504,335,135000
630,82,9020,6,5,1964,1964,1248,1350,3,6,0,1964,2,520,176,168500
631,50,9000,5,6,1880,1991,636,1750,3,8,0,1937,1,240,0,124000
632,34,4590,8,5,2006,2006,1554,1554,2,6,1,2006,2,627,156,209500
633,85,11900,7,5,1977,1977,1386,1411,3,6,1,1977,2,544,192,82500
634,80,9250,5,7,1954,2005,1056,1056,3,6,0,1954,1,260,390,139400
635,64,6979,6,5,1980,1980,1056,1056,0,4,0,1980,2,576,264,144000
636,60,10896,6,7,1914,1995,1440,3395,8,14,0,NA,0,0,0,200000
637,51,6120,2,3,1936,1950,264,800,1,4,1,NA,0,0,0,60000
638,50,6000,5,4,1954,1954,811,1387,3,7,0,1954,1,256,0,93000
639,67,8777,5,7,1910,1950,796,796,2,4,0,NA,0,0,328,85000
640,53,3982,8,5,2006,2006,1520,1567,1,7,1,2006,3,648,312,264561
641,62,12677,8,5,2003,2004,1518,1518,1,6,1,2003,2,588,185,274000
642,NA,7050,7,5,2001,2001,1057,1929,3,7,1,2001,2,650,0,226000
643,75,13860,8,7,1972,1995,1952,2704,4,9,3,1972,2,538,269,345000
644,80,10793,5,5,1969,1969,780,1620,4,7,0,1969,2,462,208,152000
645,85,9187,9,5,2009,2009,1766,1766,2,7,1,2009,3,478,195,370878
646,NA,10530,6,5,1971,1971,981,981,3,5,0,1979,2,576,0,143250
647,60,7200,5,5,1950,1950,0,1048,3,7,0,1950,2,420,0,98300
648,85,10452,6,5,1953,1953,1094,1094,3,5,2,1953,2,495,0,155000
649,70,7700,6,5,1966,1966,756,1839,4,7,1,1966,2,442,0,155000
650,21,1936,4,6,1970,1970,630,630,1,3,0,NA,0,0,0,84500
651,65,8125,7,6,2007,2007,813,1665,3,7,0,2007,2,562,0,205950
652,60,9084,4,5,1940,1950,755,1510,4,7,1,1940,1,296,120,108000
653,70,8750,7,5,1996,1996,880,1716,2,7,1,1996,2,512,0,191000
654,60,10320,6,7,1906,1995,756,1469,3,7,0,1906,1,216,57,135000
655,91,10437,8,6,1995,1995,2109,2113,2,7,1,1995,3,839,236,350000
656,21,1680,6,5,1971,1971,525,1092,3,6,0,1971,1,264,0,88000
657,72,10007,5,7,1959,2006,1053,1053,3,5,0,1959,1,312,0,145500
658,60,7200,7,6,1931,2000,776,1502,3,6,1,1931,1,270,0,149000
659,78,17503,6,5,1948,1950,912,1458,3,6,1,1948,1,330,192,97500
660,75,9937,5,7,1964,1999,1486,1486,3,7,0,1968,2,480,0,167000
661,NA,12384,7,7,1976,1976,793,1935,3,7,1,1976,2,550,0,197900
662,52,46589,8,7,1994,2005,1629,2448,4,8,1,1994,3,711,517,402000
663,120,13560,6,3,1968,1968,1392,1392,2,5,2,1968,2,576,0,110000
664,90,10012,4,5,1972,1972,1138,1181,3,6,0,1974,2,588,0,137500
665,49,20896,8,5,2005,2006,2077,2097,1,8,1,2005,3,1134,192,423000
666,106,11194,8,5,2000,2000,1406,1936,3,7,1,2000,2,504,188,230500
667,NA,18450,6,5,1965,1979,1021,2380,3,7,1,1965,2,596,0,129000
668,65,8125,6,5,1994,1998,1408,1679,3,7,1,1994,2,575,224,193500
669,NA,14175,5,6,1956,1987,1188,1437,3,6,1,1999,2,576,304,168000
670,80,11600,4,5,1922,1950,700,1180,2,5,1,1922,1,252,0,137500
671,64,8633,6,5,2005,2005,738,1476,3,7,0,2005,2,540,100,173500
672,54,6629,6,6,1925,1950,672,1369,3,6,0,1930,1,300,147,103600
673,NA,11250,6,6,1977,1977,1208,1208,3,6,1,1977,2,546,198,165000
674,110,14442,6,7,1957,2004,1477,1839,3,7,2,1957,2,416,0,257500
675,80,9200,6,6,1965,1965,1136,1136,3,5,1,1965,1,384,426,140000
676,24,2289,6,6,1978,1978,855,1441,3,7,1,1978,2,440,28,148500
677,60,9600,4,2,1900,1950,1095,1774,4,8,0,1920,3,779,0,87000
678,52,9022,5,8,1924,2006,768,792,2,5,0,1924,1,240,316,109500
679,80,11844,8,5,2008,2008,2046,2046,3,7,1,2008,3,834,322,372500
680,NA,9945,5,5,1961,1961,988,988,3,5,0,1963,2,572,0,128500
681,50,8012,6,5,1980,1980,923,923,2,5,1,1980,1,264,80,143000
682,55,4500,5,5,1932,2000,793,1520,3,6,0,1968,1,281,0,159434
683,NA,2887,6,5,1996,1997,1291,1291,2,6,1,1996,2,431,307,173000
684,90,11248,9,5,2002,2002,1626,1668,3,7,1,2002,3,702,257,285000
685,58,16770,7,5,1998,1998,1195,1839,4,7,0,1998,2,486,0,221000
686,NA,5062,7,5,1984,1984,1190,2090,3,6,1,1984,2,577,219,207500
687,84,10207,7,6,2007,2007,874,1761,3,7,0,2007,2,578,144,227875
688,NA,5105,7,5,2004,2004,551,1102,2,4,0,2004,2,480,0,148800
689,60,8089,8,6,2007,2007,1419,1419,2,7,1,2007,2,567,140,392000
690,61,7577,6,5,2005,2006,1362,1362,2,6,1,2005,2,460,192,194700
691,NA,4426,6,5,2004,2004,848,848,1,3,1,2004,2,420,149,141000
692,104,21535,10,6,1994,1995,2444,4316,4,10,2,1994,3,832,382,755000
693,42,26178,7,5,1989,1990,1210,2519,4,9,2,1989,2,628,320,335000
694,60,5400,5,6,1921,1968,1073,1073,2,4,0,1968,1,326,0,108480
695,51,6120,5,6,1936,1950,927,1539,3,5,0,1995,2,576,112,141500
696,54,13811,6,6,1987,1987,1112,1137,2,5,1,1987,2,551,125,176000
697,50,6000,5,7,1921,1950,616,616,2,4,0,1921,1,205,0,89000
698,57,6420,5,7,1952,1952,980,1148,2,6,0,1952,1,308,0,123500
699,65,8450,5,8,1965,2009,894,894,3,5,1,1973,1,336,416,138500
700,59,4282,7,5,2004,2004,1391,1391,2,5,0,2004,2,530,156,196000
701,85,14331,8,5,2002,2002,1800,1800,3,7,1,2002,3,765,270,312500
702,80,9600,7,5,1969,1969,1164,1164,3,6,0,1969,2,528,0,140000
703,82,12438,8,5,2006,2006,1234,2576,4,10,1,2006,3,666,324,361919
704,76,7630,5,9,1900,1996,360,1812,4,8,1,1999,2,672,344,140000
705,70,8400,7,5,2004,2005,1473,1484,3,7,0,2004,2,606,0,213000
706,70,5600,4,5,1930,1950,0,1092,3,7,0,NA,0,0,0,55000
707,NA,115149,7,5,1971,2002,1643,1824,2,5,2,1971,2,739,380,302000
708,48,6240,8,5,2006,2006,1324,1324,2,6,1,2006,2,550,192,254000
709,65,9018,7,5,2007,2007,728,1456,3,8,1,2007,2,400,100,179540
710,NA,7162,5,7,1966,1966,876,904,3,6,0,1966,1,408,0,109900
711,56,4130,3,6,1935,2003,270,729,2,5,0,NA,0,0,0,52000
712,66,8712,4,7,1900,1950,859,1178,2,7,0,1964,1,384,68,102776
713,40,4671,8,5,1988,1989,1228,1228,2,5,1,1988,2,472,168,189000
714,60,9873,4,5,1970,1970,960,960,3,6,0,1970,2,576,0,129000
715,NA,13517,6,8,1976,2005,725,1479,3,6,0,1976,2,475,0,130500
716,78,10140,6,5,1974,1974,1064,1350,3,7,1,1974,2,478,0,165000
717,60,10800,7,8,1890,1998,718,2554,3,8,0,1996,2,704,0,159500
718,80,10000,5,6,1973,2000,1176,1178,3,5,1,1973,2,439,224,157000
719,96,10542,7,5,1993,1994,1311,2418,3,9,1,1993,3,983,250,341000
720,69,9920,5,6,1969,1969,971,971,3,5,1,1969,1,300,0,128500
721,NA,6563,8,5,1985,1985,1742,1742,2,5,1,1985,2,564,114,275000
722,NA,4426,6,5,2004,2004,848,848,1,3,0,2004,2,420,160,143000
723,70,8120,4,7,1970,1970,864,864,3,5,0,1994,2,463,0,124500
724,60,8172,4,6,1954,1972,941,1470,4,7,0,1958,1,548,0,135000
725,86,13286,9,5,2007,2008,1698,1698,3,8,1,2007,3,768,327,320000
726,60,6960,4,6,1970,1970,864,864,3,5,0,1989,2,660,96,120500
727,NA,21695,6,9,1988,2007,880,1680,3,5,1,1988,2,540,292,222000
728,64,7314,7,5,2007,2007,1232,1232,2,6,0,2007,2,632,132,194500
729,85,11475,5,5,1958,1958,1584,1776,4,9,0,1968,3,888,0,110000
730,52,6240,4,5,1925,1950,780,1208,2,5,0,1962,2,539,0,103000
731,39,5389,8,5,1995,1996,1595,1616,2,5,1,1995,2,608,237,236500
732,73,9590,7,5,2003,2003,868,1146,3,6,1,2003,2,438,160,187500
733,75,11404,7,5,1998,1999,1153,2031,3,8,1,1998,2,541,192,222500
734,80,10000,5,6,1961,1983,864,1144,3,6,1,1961,1,264,165,131400
735,NA,8978,5,5,1968,1968,948,948,3,6,0,1968,1,300,147,108000
736,60,10800,7,7,1914,1970,880,1768,2,6,2,1914,2,320,0,163000
737,60,8544,3,4,1950,1950,0,1040,2,6,0,1949,2,400,0,93500
738,72,10463,8,5,2005,2005,893,1801,3,8,1,2005,3,800,0,239900
739,60,10800,5,5,1987,1988,1200,1200,3,5,0,NA,0,0,120,179000
740,65,9313,7,5,2004,2004,864,1728,3,7,0,2004,2,572,187,190000
741,60,9600,5,7,1910,2002,264,1432,2,7,0,1910,2,360,270,132000
742,65,6768,6,8,1961,1996,912,912,3,5,0,1962,1,288,168,142000
743,65,8450,7,5,2000,2001,1349,1349,3,6,0,2000,2,539,120,179000
744,70,12886,5,6,1963,1999,520,1464,3,6,1,1997,2,480,302,175000
745,41,5395,8,5,1993,1993,1337,1337,2,5,1,1993,2,462,96,180000
746,NA,8963,8,9,1976,1996,1142,2715,4,11,2,1994,2,831,0,299800
747,NA,8795,7,5,2000,2000,952,2256,4,8,1,2000,2,554,224,236000
748,65,11700,7,7,1880,2003,1240,2640,4,8,1,1950,4,864,181,265979
749,59,10593,7,5,1996,1996,1720,1720,3,7,1,1996,2,527,240,260400
750,50,8405,4,3,1945,1950,0,1529,4,9,0,1945,1,240,92,98000
751,55,8800,4,7,1910,2004,576,1140,3,7,0,NA,0,0,0,96500
752,NA,7750,7,5,2003,2003,660,1320,3,6,0,2003,2,400,0,162000
753,79,9236,6,5,1997,1997,1479,1494,3,6,0,1997,2,576,168,217000
754,80,10240,8,5,2005,2005,1030,2098,3,8,1,2005,3,878,192,275500
755,61,7930,6,8,1969,2005,1026,1026,3,5,0,1969,2,440,171,156000
756,34,3230,6,5,1999,1999,729,1471,3,6,0,1999,2,440,0,172500
757,68,10769,8,5,2007,2007,866,1768,3,7,0,2007,2,578,144,212000
758,NA,11616,6,5,1978,1978,672,1386,3,6,1,1978,2,440,335,158900
759,24,2280,7,5,1999,1999,744,1501,3,6,0,1999,2,440,0,179400
760,65,12257,8,5,1995,1995,1318,2531,4,9,1,1995,3,752,222,290000
761,70,9100,6,6,1959,1959,864,864,2,5,0,2008,1,300,0,127500
762,60,6911,5,5,1924,1950,1145,1301,2,5,0,1965,2,440,0,100000
763,72,8640,7,5,2009,2009,756,1547,3,7,0,2009,2,614,169,215200
764,82,9430,8,5,1999,1999,1252,2365,3,8,1,1999,3,856,0,337000
765,30,9549,8,5,1995,1996,1494,1494,2,6,1,1995,2,481,0,270000
766,75,14587,9,5,2008,2008,1498,1506,2,6,1,2008,2,592,0,264132
767,80,10421,7,5,1988,1988,980,1714,3,7,1,1988,2,496,228,196500
768,75,12508,6,7,1940,1985,983,1750,4,7,0,1989,1,423,245,160000
769,70,9100,7,5,2004,2005,1860,1836,3,8,1,2004,2,484,120,216837
770,47,53504,8,5,2003,2003,1650,3279,4,12,1,2003,3,841,503,538000
771,NA,7252,5,5,1982,1982,858,858,2,5,0,1983,2,576,120,134900
772,67,8877,4,5,1951,1951,836,1220,2,6,0,1951,2,396,0,102000
773,94,7819,6,5,1976,1976,1029,1117,3,6,1,1976,2,672,144,107000
774,70,10150,5,5,1958,1958,912,912,2,5,0,1958,1,275,0,114500
775,110,14226,8,5,2006,2006,1935,1973,3,9,1,2006,3,895,315,395000
776,32,4500,6,5,1998,1998,1204,1204,2,5,0,1998,2,412,0,162000
777,86,11210,7,5,2005,2006,1614,1614,3,7,0,2005,3,865,144,221500
778,100,13350,5,5,1974,1974,864,894,3,5,1,1974,2,440,241,142500
779,60,8400,5,5,1977,1977,0,2020,4,10,2,1977,2,630,0,144000
780,78,10530,6,5,1977,1977,975,1004,2,4,0,1977,2,504,0,135000
781,63,7875,7,5,1995,1996,1237,1253,3,6,1,1995,2,402,220,176000
782,65,7153,6,5,1992,1992,761,1603,3,7,0,1992,2,484,0,175900
783,67,16285,7,5,2001,2002,1413,1430,3,6,0,2001,2,605,0,187100
784,NA,9101,5,6,1978,1978,1097,1110,1,4,1,1978,2,602,303,165500
785,35,6300,6,6,1914,2001,742,1484,3,9,1,NA,0,0,0,128000
786,NA,9790,6,5,1967,1967,1372,1342,3,7,1,1967,2,457,0,161500
787,60,10800,5,6,1915,1950,686,1652,4,7,0,1961,1,416,0,139000
788,76,10142,7,5,2004,2004,956,2084,4,8,0,2004,2,618,0,233000
789,50,6000,4,7,1954,2000,901,901,2,4,0,1954,1,281,0,107900
790,NA,12205,6,8,1966,2007,832,2087,5,9,0,1966,2,444,133,187500
791,43,3182,7,5,2005,2006,1145,1145,2,5,1,2005,2,397,100,160200
792,NA,11333,6,5,1976,1976,1029,1062,3,5,2,1976,2,539,120,146800
793,92,9920,7,5,1996,1997,1117,2013,3,8,1,1997,2,455,180,269790
794,76,9158,8,5,2007,2007,1496,1496,3,7,0,2007,2,474,168,225000
795,NA,10832,7,5,1994,1996,712,1895,3,7,1,1994,2,409,143,194500
796,70,8400,6,6,1980,1981,650,1564,3,7,1,1980,2,476,0,171000
797,71,8197,6,5,1977,1977,660,1285,3,7,1,1977,2,528,138,143500
798,57,7677,5,5,1953,1953,773,773,2,4,0,1953,1,240,0,110000
799,104,13518,9,5,2008,2009,1926,3140,4,11,2,2009,3,820,144,485000
800,60,7200,5,7,1937,1950,731,1768,3,7,2,1939,1,240,0,175000
801,79,12798,6,5,1997,1997,616,1688,4,8,0,1997,2,603,403,200000
802,40,4800,4,7,1916,1990,1196,1196,2,5,0,1957,2,440,0,109900
803,63,8199,7,5,2005,2005,728,1456,3,7,1,2005,2,410,36,189000
804,107,13891,9,5,2008,2009,1734,2822,4,12,1,2009,3,1020,52,582933
805,75,9000,5,5,1954,1954,936,1128,2,5,0,1954,1,286,0,118000
806,91,12274,7,5,2008,2008,1417,1428,3,6,0,2008,2,554,0,227680
807,75,9750,5,5,1967,1967,980,980,3,6,0,1967,1,384,68,135500
808,144,21384,5,6,1923,2004,1324,1576,3,6,1,1923,2,528,0,223500
809,85,13400,5,5,1966,1966,1024,1086,3,6,1,1966,2,484,0,159950
810,90,8100,5,5,1898,1965,849,2138,2,11,0,1910,2,360,40,106000
811,78,10140,6,6,1974,1999,1040,1309,3,5,1,1974,2,484,265,181000
812,NA,4438,6,5,2004,2004,848,848,1,4,1,2004,2,420,140,144500
813,66,8712,5,5,1952,1952,540,1044,2,4,0,1952,2,504,0,55993
814,75,9750,6,6,1958,1958,1442,1442,4,7,0,1958,1,301,0,157900
815,45,8248,5,7,1918,1950,686,1250,3,7,0,1955,1,280,207,116000
816,48,12137,7,5,1998,1998,1649,1661,3,6,0,1998,2,598,0,224900
817,NA,11425,5,6,1954,1954,1008,1008,2,4,1,1954,1,275,0,137000
818,NA,13265,8,5,2002,2002,1568,1689,3,7,2,2002,3,857,150,271000
819,80,8816,6,7,1971,1971,1010,1052,3,6,0,1971,2,440,0,155000
820,44,6371,7,5,2009,2010,1358,1358,2,6,1,2010,2,484,192,224000
821,72,7226,7,5,2003,2003,798,1640,3,6,0,2003,2,595,0,183000
822,60,6000,4,4,1953,1953,936,936,2,4,0,1974,2,576,0,93000
823,NA,12394,7,5,2003,2003,847,1733,3,7,1,2003,2,433,100,225000
824,60,9900,6,7,1940,1950,778,1489,3,7,1,1940,1,240,335,139500
825,81,11216,8,5,2006,2006,1489,1489,3,7,1,2006,2,776,0,232600
826,114,14803,10,5,2007,2008,2078,2084,2,7,1,2007,3,1220,188,385000
827,50,6130,5,6,1924,1950,784,784,2,5,0,NA,0,0,0,109500
828,65,8529,7,5,2001,2001,1454,1434,3,6,1,2001,2,527,290,189000
829,NA,28698,5,5,1967,1967,1013,2126,3,7,0,1967,2,538,486,185000
830,24,2544,7,5,2005,2005,600,1223,2,4,0,2005,2,480,0,147400
831,80,11900,6,5,1957,1957,1392,1392,3,6,2,1957,2,458,0,166000
832,30,3180,7,5,2005,2005,600,1200,2,4,0,2005,2,480,0,151000
833,44,9548,7,6,2003,2003,941,1829,3,7,1,2003,2,613,192,237000
834,100,10004,6,6,1964,1964,1516,1516,3,6,0,1964,2,472,0,167000
835,75,7875,5,6,1961,1961,1144,1144,3,6,0,1961,2,456,0,139950
836,60,9600,4,7,1950,1995,1067,1067,2,4,0,1996,2,436,290,128000
837,90,8100,5,6,1948,1973,1559,1559,2,5,0,1948,2,812,0,153500
838,21,1680,6,5,1973,1973,483,987,2,5,0,1973,1,264,0,100000
839,75,9525,5,6,1995,2006,1099,1099,3,6,0,1999,1,352,278,144000
840,70,11767,5,6,1946,1995,768,1200,3,6,0,1946,1,240,0,130500
841,NA,12155,6,8,1925,1950,672,1482,4,7,0,1934,1,400,0,140000
842,60,10440,5,8,1904,2002,650,1539,3,8,1,1983,2,686,70,157500
843,82,9020,6,7,1966,1966,1127,1165,3,6,0,1966,2,490,0,174900
844,80,8000,5,4,1961,1961,1800,1800,6,10,0,NA,0,0,0,141000
845,100,12665,5,8,1915,1950,876,1416,4,7,1,1949,3,720,418,153900
846,NA,16647,5,5,1975,1981,1390,1701,3,6,2,1975,2,611,0,171000
847,75,9317,7,5,1993,1993,740,1775,3,7,1,1993,2,425,234,213000
848,36,15523,5,6,1972,1972,864,864,3,5,1,1972,1,338,0,133500
849,75,45600,6,8,1908,1997,907,2358,5,10,1,1908,2,360,486,240000
850,80,9600,6,7,1976,1994,528,1855,3,7,1,1976,2,512,113,187000
851,36,4435,6,5,2003,2003,848,848,1,3,0,2003,2,420,140,131500
852,NA,3196,8,5,2003,2003,1273,1456,2,7,1,2003,2,400,143,215000
853,53,7128,7,5,1941,1950,918,1646,4,7,2,1941,1,240,0,164000
854,NA,12095,6,6,1964,1964,1127,1445,3,7,1,1964,2,645,180,158000
855,102,17920,5,4,1955,1974,1763,1779,3,6,1,1955,2,454,0,170000
856,NA,6897,5,8,1962,2010,1040,1040,3,6,0,1962,1,260,0,127000
857,NA,10970,6,6,1978,1978,940,1026,3,5,0,1981,2,576,0,147000
858,65,8125,6,5,1994,1995,702,1481,3,6,1,1994,2,343,0,174000
859,80,10400,7,5,1976,1976,1090,1370,3,6,1,1976,2,479,0,152000
860,NA,11029,6,7,1968,1984,1054,2654,4,9,1,1968,2,619,0,250000
861,55,7642,7,8,1918,1998,912,1426,3,7,1,1925,1,216,0,189950
862,75,11625,5,4,1965,1965,1039,1039,3,6,0,1965,2,504,0,131500
863,81,9672,6,5,1984,1985,1040,1097,3,6,0,1986,2,480,0,152000
864,70,7931,5,5,1959,1959,1148,1148,3,6,0,1959,1,672,0,132500
865,72,8640,7,5,2007,2008,1372,1372,3,6,0,2008,2,529,0,250580
866,NA,8750,5,6,1970,1970,1002,1002,3,5,0,1973,2,902,0,148500
867,67,10656,8,5,2006,2007,1638,1646,3,6,1,2007,3,870,192,248900
868,85,6970,4,5,1961,1961,1040,1120,3,5,0,1961,2,544,168,129000
869,NA,14762,5,6,1948,1950,0,2320,2,7,1,1979,2,672,120,169000
870,80,9938,7,5,1993,1994,1050,1949,3,8,1,1993,2,574,156,236000
871,60,6600,5,5,1962,1962,894,894,2,5,0,1962,1,308,0,109500
872,70,8750,6,5,1998,1998,804,1682,3,7,0,1998,2,523,0,200500
873,74,8892,5,7,1953,1996,105,910,3,5,0,1953,2,414,196,116000
874,60,12144,5,7,1949,1950,832,1268,3,6,1,1949,1,288,0,133000
875,52,5720,5,6,1941,1950,676,1131,3,5,0,1941,1,200,26,66500
876,75,9000,8,5,2007,2007,1184,2610,4,11,1,2007,2,550,208,303477
877,94,25286,4,5,1963,1963,1064,1040,3,5,0,1963,2,648,0,132250
878,74,8834,9,5,2004,2005,1462,2224,4,10,1,2004,3,738,184,350000
879,88,11782,5,7,1961,1995,1109,1155,3,6,0,1987,2,576,192,148000
880,NA,7000,5,8,1978,2005,864,864,3,6,0,1978,1,336,0,136500
881,60,7024,5,5,2005,2006,1090,1090,2,5,0,2005,2,450,0,157000
882,44,13758,7,5,1990,1991,1156,1717,3,7,1,1990,2,400,168,187500
883,NA,9636,6,5,1992,1993,808,1593,3,7,1,1993,2,389,342,178000
884,60,6204,4,5,1912,1950,795,2230,5,10,0,1997,1,440,0,118500
885,65,7150,5,5,1967,1967,892,892,3,5,0,1967,1,288,0,100000
886,50,5119,9,5,1999,2000,1698,1709,2,5,1,1999,2,506,97,328900
887,70,8393,5,5,1959,2005,1626,1712,4,8,0,2005,2,588,272,145000
888,59,16466,5,7,1955,1955,816,1393,3,8,0,1955,1,300,121,135500
889,95,15865,8,6,1970,1970,2217,2217,4,8,1,1970,2,621,81,268000
890,128,12160,6,4,1953,1953,1505,1505,2,6,1,1953,2,505,0,149500
891,60,8064,5,7,1949,2006,672,924,3,6,1,2003,2,576,0,122900
892,70,11184,6,5,1978,1978,918,1683,3,7,1,1978,2,440,243,172500
893,70,8414,6,8,1963,2003,1059,1068,3,6,0,1963,1,264,192,154500
894,NA,13284,5,5,1954,1954,1383,1383,3,6,1,1954,1,354,511,165000
895,64,7018,5,5,1979,1979,0,1535,4,8,0,1979,2,400,0,118858
896,71,7056,6,5,1963,1963,780,1796,4,8,1,1963,2,483,0,140000
897,50,8765,4,6,1936,1950,951,951,2,6,0,1936,1,327,0,106500
898,64,7018,5,5,1979,1979,0,2240,6,12,0,1979,2,528,154,142953
899,100,12919,9,5,2009,2010,2330,2364,2,11,2,2009,3,820,0,611657
900,65,6993,5,7,1961,1994,912,1236,3,6,1,1961,1,288,0,135000
901,NA,7340,4,6,1971,1971,858,858,2,4,0,1979,1,684,0,110000
902,64,8712,5,7,1957,2000,992,1306,2,5,0,1968,1,756,0,153000
903,63,7875,7,5,2003,2003,783,1509,3,8,1,2003,2,393,0,180000
904,50,14859,7,5,2006,2006,1670,1670,3,7,1,2006,3,690,144,240000
905,NA,6173,5,6,1967,1967,876,902,3,6,0,1967,1,288,0,125500
906,80,9920,5,5,1954,1954,1056,1063,3,6,0,1954,1,280,0,128000
907,116,13501,8,5,2006,2006,1623,1636,3,8,1,2006,3,865,0,255000
908,86,11500,7,7,1936,1987,1017,2057,3,6,1,1936,1,180,0,250000
909,NA,8885,5,5,1983,1983,864,902,2,5,0,1983,2,484,164,131000
910,149,12589,6,5,2005,2005,742,1484,3,8,1,2005,2,390,36,174000
911,80,11600,5,5,1960,1960,1105,2274,5,12,0,1960,2,480,0,154300
912,NA,9286,5,7,1977,1989,1268,1268,3,5,0,1978,1,252,173,143500
913,51,6120,5,7,1925,1950,768,1015,3,6,0,1925,1,450,0,88000
914,82,6270,5,6,1949,1950,1001,2002,4,8,0,1949,3,871,0,145000
915,30,3000,6,5,2009,2009,612,1224,2,4,0,2009,2,528,0,173733
916,21,2001,4,5,1970,1970,546,1092,3,6,0,1970,1,286,0,75000
917,50,9000,2,3,1949,1950,480,480,1,4,0,1958,1,308,0,35311
918,NA,17140,4,6,1956,1956,1134,1229,3,6,0,1956,1,284,0,135000
919,103,13125,7,5,1991,1991,1104,2127,4,8,1,1991,3,833,72,238000
920,87,11029,6,8,1958,2002,1184,1414,3,6,1,1990,2,601,0,176500
921,70,8462,6,5,1994,1994,928,1721,3,7,0,1994,2,471,300,201000
922,67,8777,5,7,1900,2003,1272,2200,4,9,0,NA,0,0,0,145900
923,65,10237,6,5,2005,2006,1316,1316,3,6,1,2005,2,397,100,169990
924,50,8012,6,5,1993,1994,1604,1617,2,5,1,1993,2,533,0,193000
925,79,10240,6,6,1980,1980,1686,1686,3,7,1,1980,2,612,384,207500
926,NA,15611,5,6,1977,1977,1126,1126,3,6,0,1977,2,540,180,175000
927,93,11999,8,5,2003,2004,1181,2374,4,10,1,2003,3,656,104,285000
928,NA,9900,7,5,1968,1968,832,1978,4,9,1,1968,2,486,0,176000
929,NA,11838,8,5,2001,2001,1753,1788,3,7,1,2001,2,522,202,236500
930,NA,13006,7,5,1997,1997,964,2236,4,8,1,1997,2,642,0,222000
931,73,8925,8,5,2007,2007,1466,1466,3,7,0,2007,3,610,100,201000
932,70,9100,5,6,1965,1965,925,925,2,5,0,1965,1,429,0,117500
933,84,11670,9,5,2006,2006,1905,1905,3,8,1,2006,3,788,0,320000
934,63,8487,7,5,2004,2004,1500,1500,3,6,0,2004,2,570,192,190000
935,313,27650,7,7,1960,2007,585,2069,4,9,1,1960,2,505,0,242000
936,52,5825,4,5,1926,1953,600,747,1,5,0,1953,2,528,0,79900
937,67,10083,7,5,2003,2003,1176,1200,2,5,0,2003,2,555,0,184900
938,75,9675,7,5,2005,2005,1113,1971,3,8,1,2005,2,689,0,253000
939,73,8760,7,5,2006,2006,1391,1962,3,7,0,2006,3,868,0,239799
940,NA,24090,7,7,1940,1950,1032,2403,4,10,2,1940,1,349,56,244400
941,55,12640,6,5,1976,1976,1728,1728,4,8,0,1976,2,574,40,150900
942,NA,8755,7,5,1999,1999,992,2060,3,8,1,1999,2,390,0,214000
943,42,7711,4,3,1977,1977,1440,1440,4,8,0,NA,0,0,321,150000
944,100,25000,5,4,1967,1967,1632,1632,4,8,0,1967,2,576,0,143000
945,NA,14375,6,6,1958,1958,819,1344,3,7,1,1958,2,525,0,137500
946,98,8820,5,6,1890,1996,1088,1869,2,7,0,1963,2,456,48,124900
947,70,8163,5,6,1959,1959,1144,1144,3,6,1,1959,1,796,86,143000
948,85,14536,8,5,2002,2003,1616,1629,3,9,1,2002,3,808,0,270000
949,65,14006,7,5,2002,2002,936,1776,3,7,1,2002,2,474,144,192500
950,78,9360,6,7,1972,2006,1161,1381,3,5,1,1972,2,676,0,197500
951,60,7200,5,8,1950,2002,864,864,3,5,0,1980,2,720,194,129000
952,60,7800,5,5,1965,1965,828,965,3,6,0,1979,1,300,421,119900
953,60,7200,5,8,1972,2003,768,768,2,5,0,1974,1,396,192,133900
954,NA,11075,5,4,1969,1969,784,1968,4,7,1,1969,2,530,305,172000
955,35,9400,6,5,1975,1975,945,980,4,4,0,NA,0,0,0,127500
956,82,7136,6,6,1946,1950,979,1958,4,8,0,1946,2,492,0,145000
957,24,1300,6,6,1980,1980,561,1229,2,5,1,1980,2,462,150,124000
958,70,7420,5,5,1962,1962,1057,1057,3,6,0,1977,2,576,0,132000
959,65,8450,7,5,2003,2003,1337,1337,3,6,0,2003,2,531,0,185000
960,24,2572,7,5,1999,1999,696,1416,3,6,0,1999,2,484,0,155000
961,50,7207,5,7,1958,2008,858,858,2,4,0,NA,0,0,117,116500
962,NA,12227,6,7,1977,1995,1330,2872,4,11,1,1977,2,619,550,272000
963,24,2308,6,6,1976,1976,804,1548,3,7,1,1976,2,440,48,155000
964,122,11923,9,5,2007,2007,1800,1800,2,7,0,2007,2,702,288,239000
965,80,11316,7,5,2002,2003,817,1894,4,8,1,2002,2,510,0,214900
966,65,10237,6,5,2005,2007,783,1484,3,8,1,2005,2,393,0,178900
967,130,9600,5,7,1940,1950,728,1308,2,7,2,1940,1,256,0,160000
968,NA,7390,5,7,1955,1955,1098,1098,3,6,0,1955,1,260,0,135000
969,50,5925,3,6,1910,1950,600,968,2,6,0,NA,0,0,0,37900
970,75,10382,6,5,1958,1958,588,1095,2,6,0,1958,1,264,0,140000
971,60,10800,4,4,1949,1950,720,1192,4,6,0,NA,0,0,0,135000
972,36,2268,7,5,2003,2004,764,1626,2,6,0,2003,2,474,0,173000
973,55,7892,6,5,1979,1979,918,918,2,5,1,1979,1,264,28,99500
974,95,11639,7,5,2007,2008,1428,1428,3,6,0,2007,2,480,0,182000
975,60,11414,7,8,1910,1993,728,2019,3,8,0,1997,2,532,509,167500
976,NA,2651,7,5,2000,2000,673,1382,3,6,0,2000,2,490,153,165000
977,51,5900,4,7,1923,1958,440,869,2,4,0,NA,0,0,0,85500
978,35,4274,7,5,2006,2007,1241,1241,1,4,0,2007,2,569,0,199900
979,68,9450,4,5,1954,1954,894,894,3,5,0,1999,2,400,0,110000
980,80,8816,5,6,1963,1963,1121,1121,3,5,0,1963,2,480,0,139000
981,NA,12122,7,9,1961,2007,944,999,3,6,0,1961,2,588,144,178400
982,98,12203,8,5,1998,1999,1225,2612,4,8,1,1998,3,676,250,336000
983,43,3182,7,5,2007,2007,1266,1266,2,6,1,2007,2,388,100,159895
984,NA,11250,8,5,2002,2002,1128,2290,4,9,1,2002,2,779,0,255900
985,75,10125,5,5,1977,1977,0,1734,4,8,0,1977,2,539,0,126000
986,68,10880,5,5,1950,1950,1164,1164,3,5,0,1950,1,240,0,125000
987,59,5310,6,8,1910,2003,485,1635,2,5,0,1950,1,255,394,117000
988,83,10159,9,5,2009,2010,1930,1940,3,8,1,2010,3,606,168,395192
989,NA,12046,6,6,1976,1976,848,2030,4,8,1,1976,2,551,0,195000
990,65,8125,7,5,2006,2006,770,1576,3,6,0,2006,2,614,0,197000
991,82,9452,8,5,1997,1998,1396,2392,3,7,1,1997,3,870,0,348000
992,121,17671,8,9,1882,1986,916,1742,4,8,1,1925,2,424,0,168000
993,80,9760,6,8,1964,1993,822,1851,3,7,1,1964,2,440,239,187000
994,68,8846,6,5,2005,2006,750,1500,3,6,0,2005,2,564,0,173900
995,96,12456,10,5,2006,2007,1700,1718,3,7,1,2008,3,786,216,337500
996,51,4712,4,7,1946,1950,747,1230,3,5,0,1946,1,305,0,121600
997,NA,10659,5,6,1961,1961,1050,1050,3,6,0,1961,1,368,0,136500
998,NA,11717,6,6,1970,1970,1442,1442,2,6,1,1970,2,615,371,185000
999,60,9786,3,4,1922,1950,1007,1077,3,6,1,1922,1,210,0,91000
1000,64,6762,7,5,2006,2006,1187,1208,2,6,0,2006,2,632,105,206000
1001,74,10206,3,3,1952,1952,0,944,2,4,0,1956,2,528,0,82000
1002,60,5400,5,6,1920,1950,691,691,2,4,0,1920,1,216,0,86000
1003,75,11957,8,5,2006,2006,1574,1574,3,7,1,2006,3,824,144,232000
1004,NA,11500,5,6,1976,1976,1680,1680,4,8,0,1976,2,528,0,136905
1005,43,3182,7,5,2005,2006,1346,1504,1,7,1,2005,2,457,156,181000
1006,65,8385,5,8,1977,1977,985,985,3,6,0,1977,1,328,210,149900
1007,NA,12155,6,3,1970,1970,1657,1657,3,7,1,1970,2,484,0,163500
1008,21,2217,4,4,1970,1970,546,1092,3,6,0,1970,1,286,238,88000
1009,43,12118,7,5,2004,2005,1710,1710,3,7,1,2004,2,550,100,240000
1010,60,6000,5,5,1926,1950,1008,1522,4,7,0,NA,0,0,0,102000
1011,115,21286,5,5,1948,1950,720,1271,4,7,1,1948,1,312,0,135000
1012,75,9825,5,5,1965,1965,0,1664,4,8,0,NA,0,0,0,100000
1013,55,10592,6,7,1923,1996,602,1502,3,7,2,1923,1,180,96,165000
1014,60,7200,5,4,1910,2006,1022,1022,2,4,0,1956,1,280,0,85000
1015,60,11664,6,5,1948,1950,1082,1082,2,5,1,1948,1,240,0,119200
1016,70,8400,8,6,2001,2001,810,1665,3,6,0,2001,2,528,0,227000
1017,73,11883,7,5,1996,1996,1504,1504,3,6,1,1996,2,478,115,203000
1018,NA,5814,8,5,1984,1984,1220,1360,1,4,1,1984,2,565,63,187500
1019,NA,10784,7,5,1991,1992,384,1472,3,7,1,1991,2,402,164,160000
1020,43,3013,7,5,2005,2005,1362,1506,2,6,1,2005,2,440,142,213490
1021,60,7024,4,5,2005,2005,1132,1132,2,5,0,2005,2,451,252,176000
1022,64,7406,7,5,2006,2006,1199,1220,2,6,0,2006,2,632,105,194000
1023,52,9439,5,5,1930,1950,912,1248,2,6,0,1957,1,160,0,87000
1024,43,3182,7,5,2005,2006,1346,1504,2,7,1,2005,2,437,156,191000
1025,NA,15498,8,6,1976,1976,1565,2898,2,10,1,1976,2,665,0,287000
1026,70,7700,5,5,1972,1972,882,882,3,5,0,1980,2,461,96,112500
1027,73,9300,5,5,1960,1960,1268,1264,3,6,2,1960,2,461,0,167500
1028,71,9520,8,5,2007,2008,1638,1646,3,7,1,2008,3,800,192,293077
1029,79,9492,5,5,1941,1950,768,1376,3,6,1,1941,1,240,0,105000
1030,21,1680,6,7,1972,1972,672,1218,3,7,0,1972,1,264,0,118000
1031,NA,7082,5,8,1916,1995,686,1928,5,10,0,NA,0,0,0,160000
1032,102,15863,7,3,1920,1970,824,3082,5,12,2,1970,2,672,136,197000
1033,NA,14541,8,7,1993,1993,1338,2520,5,10,1,1993,3,796,209,310000
1034,NA,8125,7,5,2002,2002,1654,1654,3,6,0,2002,3,900,0,230000
1035,50,6305,5,7,1938,1950,920,954,2,5,1,1938,1,240,0,119750
1036,NA,11500,4,3,1957,1957,0,845,3,5,0,1957,1,290,186,84000
1037,89,12898,9,5,2007,2008,1620,1620,2,6,1,2008,3,912,228,315500
1038,NA,9240,8,5,2001,2002,1055,2263,3,7,1,2001,2,905,0,287000
1039,21,1533,4,6,1970,2008,546,1344,3,6,1,NA,0,0,0,97000
1040,21,1477,4,4,1970,1970,630,630,1,3,0,1970,1,286,0,80000
1041,88,13125,5,4,1957,2000,1134,1803,3,8,1,1957,2,484,0,155000
1042,NA,9130,6,8,1966,2000,800,1632,4,7,0,1966,2,484,0,173000
1043,34,5381,6,5,2005,2005,1306,1306,1,5,1,2005,2,624,170,196000
1044,86,11839,7,5,1990,1990,1475,2329,4,10,1,1990,2,514,192,262280
1045,80,9600,8,5,1981,1981,2524,2524,4,9,1,1981,2,542,474,278000
1046,NA,13680,3,5,1955,1955,0,1733,4,8,1,1955,2,452,0,139600
1047,85,16056,9,5,2005,2006,1992,2868,4,11,1,2005,3,716,214,556581
1048,57,9245,5,5,1994,1995,990,990,3,5,0,1996,2,672,0,145000
1049,100,21750,5,4,1960,2006,0,1771,3,9,1,1960,2,336,0,115000
1050,60,11100,4,7,1946,2006,0,930,2,6,0,1946,1,308,0,84900
1051,73,8993,7,5,2007,2007,1302,1302,3,6,0,2007,2,436,0,176485
1052,103,11175,7,5,2007,2007,1316,1316,3,6,1,2007,2,440,0,200141
1053,100,9500,6,6,1964,1978,816,1977,4,9,1,1964,2,540,0,165000
1054,68,8562,5,6,1957,2002,1216,1526,4,7,1,1957,1,364,116,144500
1055,90,11367,8,5,2002,2002,1065,1989,3,7,1,2002,2,586,199,255000
1056,104,11361,6,5,1976,1976,1193,1523,3,7,1,1976,2,478,0,180000
1057,43,7052,7,5,2005,2005,1364,1364,2,6,1,2005,2,484,192,185850
1058,NA,29959,7,6,1994,1994,973,1850,3,7,1,1994,2,467,168,248000
1059,96,11308,9,5,2008,2008,1104,2184,3,10,1,2008,3,836,0,335000
1060,NA,11275,6,7,1932,1950,854,1991,3,7,1,1977,2,432,0,220000
1061,41,4920,8,5,2001,2001,1338,1338,2,6,0,2001,2,582,0,213500
1062,120,18000,3,4,1935,1950,894,894,2,6,0,1994,3,1248,0,81000
1063,85,13600,5,5,1900,1950,662,2337,5,10,0,1945,2,560,0,90000
1064,50,6000,6,6,1925,1980,1103,1103,2,5,1,1976,2,440,166,110500
1065,NA,11000,5,6,1966,1966,1154,1154,3,6,1,1966,2,480,0,154000
1066,80,14000,7,5,1996,1997,1306,2260,3,7,0,1996,2,533,296,328000
1067,59,7837,6,7,1993,1994,799,1571,3,7,1,1993,2,380,0,178000
1068,80,9760,6,6,1964,1964,780,1611,4,7,0,1964,2,442,328,167900
1069,42,3964,6,4,1973,1973,942,2521,5,10,1,1973,2,576,728,151400
1070,60,9600,5,7,1949,2003,845,893,2,4,0,1985,2,576,0,135000
1071,72,10152,5,5,1956,1956,1048,1048,3,6,0,1956,1,286,0,135000
1072,78,11700,6,6,1968,1968,727,1556,4,8,0,1968,2,441,0,154000
1073,50,7585,5,3,1948,1950,810,1456,4,7,1,1954,1,280,0,91500
1074,75,7950,6,6,1977,1977,690,1426,3,6,0,1977,2,440,252,159500
1075,74,8556,7,5,2006,2006,1240,1240,2,5,0,2006,3,826,140,194000
1076,75,13125,7,6,1940,1984,800,1740,3,6,2,1940,1,240,0,219500
1077,60,10800,5,8,1936,1989,796,1466,3,7,1,1950,2,566,436,170000
1078,NA,15870,5,5,1969,1969,1096,1096,3,6,0,1969,1,299,240,138800
1079,37,4435,6,5,2004,2004,848,848,1,3,1,2004,2,420,140,155900
1080,65,8775,5,5,1994,1994,990,990,3,5,0,1996,1,299,0,126000
1081,80,11040,6,7,1971,2004,1258,1258,3,5,0,1971,2,528,55,145000
1082,75,7500,5,5,1963,1963,1040,1040,3,5,0,1963,1,308,0,133000
1083,70,8749,7,5,2002,2002,1459,1459,3,6,1,2002,2,527,192,192000
1084,80,8800,6,6,1964,1964,1251,1251,3,6,2,1964,1,461,0,160000
1085,NA,13031,6,5,1995,1996,691,1498,3,6,1,1995,2,409,315,187500
1086,73,9069,6,6,1992,1992,936,996,2,5,0,1992,2,564,120,147000
1087,NA,1974,4,5,1973,1973,546,1092,3,6,0,1973,1,286,120,83500
1088,85,10574,8,5,2005,2006,1082,1953,3,9,1,2005,3,1043,160,252000
1089,24,2522,7,5,2004,2004,970,1709,3,7,0,2004,2,380,0,137500
1090,37,3316,8,5,2005,2005,1247,1247,1,4,1,2005,2,550,0,197000
1091,60,8544,3,4,1950,1950,0,1040,2,6,0,1987,2,400,0,92900
1092,24,2160,7,5,1999,2000,600,1252,2,4,0,1999,2,462,0,160000
1093,60,8400,6,5,1925,1950,1181,1694,4,7,1,1925,2,576,342,136500
1094,71,9230,5,8,1965,1998,864,1200,1,6,0,1977,2,884,0,146000
1095,74,5868,5,7,1956,2000,936,936,2,4,0,1956,1,308,0,129000
1096,78,9317,6,5,2006,2006,1314,1314,3,6,1,2006,2,440,0,176432
1097,60,6882,6,7,1914,2006,684,1355,3,7,0,NA,0,0,136,127000
1098,NA,3696,8,5,1986,1986,1074,1088,2,5,0,1987,2,461,0,170000
1099,50,6000,4,6,1936,1950,672,1324,3,6,0,1936,1,240,0,128000
1100,82,11880,7,5,1978,1978,1271,1601,3,7,1,1978,2,478,0,157000
1101,60,8400,2,5,1920,1950,290,438,1,3,0,1930,1,246,0,60000
1102,61,9758,5,5,1971,1971,950,950,3,5,0,1981,1,280,0,119500
1103,70,7000,5,7,1960,2002,1010,1134,2,6,0,1960,1,254,0,135000
1104,79,8910,6,6,1959,1959,655,1194,3,6,1,1954,2,539,0,159500
1105,24,2016,5,5,1970,1970,630,1302,3,6,0,1970,2,440,0,106000
1106,98,12256,8,5,1994,1995,1463,2622,3,9,2,1994,2,712,186,325000
1107,114,10357,7,5,1990,1991,910,1442,3,6,1,1990,2,719,0,179900
1108,168,23257,7,5,2006,2006,868,2021,3,9,1,2006,2,422,0,274725
1109,NA,8063,6,5,2000,2000,924,1690,3,7,1,2000,2,463,100,181000
1110,107,11362,8,5,2004,2005,1836,1836,3,7,1,2004,3,862,125,280000
1111,NA,8000,6,5,1995,1996,773,1658,3,8,1,1995,2,431,224,188000
1112,80,10480,7,6,1976,1976,803,1964,4,8,1,1976,2,483,0,205000
1113,73,7100,5,7,1957,1957,816,816,2,5,0,1957,1,308,0,129900
1114,66,8923,5,7,1953,2006,1008,1008,2,6,0,1953,1,240,0,134500
1115,90,5400,5,7,1954,2000,833,833,2,4,0,1955,1,326,0,117000
1116,93,12085,8,5,2007,2007,1734,1734,3,7,1,2007,3,928,0,318000
1117,NA,7750,8,5,2002,2002,408,1419,3,7,1,2002,2,527,120,184100
1118,57,9764,5,7,1967,2003,894,894,3,5,0,1967,2,450,0,130000
1119,85,13825,5,6,1958,1987,533,1601,3,6,0,1958,1,300,280,140000
1120,70,7560,5,5,1959,1959,1040,1040,3,6,0,1959,1,286,140,133700
1121,59,8263,6,5,1920,1950,1012,1012,2,6,1,1920,1,308,0,118400
1122,84,10084,7,5,2005,2006,1552,1552,3,7,0,2005,3,782,144,212900
1123,NA,8926,4,3,1956,1956,672,960,3,5,0,1956,1,288,64,112000
1124,50,9405,5,9,1947,2008,698,698,2,4,0,NA,0,0,0,118000
1125,NA,9125,7,5,1992,1992,384,1482,3,7,1,1992,2,392,100,163900
1126,60,10434,4,5,1955,1955,1005,1005,2,5,1,1977,2,672,0,115000
1127,53,3684,7,5,2007,2007,1373,1555,2,7,1,2007,3,660,143,174000
1128,182,14572,7,5,2004,2004,1530,1530,3,7,1,2004,3,630,144,259000
1129,59,11796,7,5,2004,2005,847,1959,4,8,1,2004,2,434,100,215000
1130,60,7200,5,5,1980,1980,936,936,2,4,0,1980,2,672,49,140000
1131,65,7804,4,3,1928,1950,1122,1981,4,7,2,1981,2,576,431,135000
1132,63,10712,5,5,1991,1992,974,974,3,5,0,NA,0,0,0,93500
1133,90,9900,6,4,1880,1950,1008,2210,5,8,0,1930,1,205,0,117500
1134,80,9828,8,5,1995,1995,1128,2020,3,8,1,1995,2,466,0,239500
1135,57,8773,6,5,1997,1997,916,1600,3,7,1,1997,2,460,100,169000
1136,60,6180,6,5,1926,1950,960,986,2,5,1,1926,1,180,0,102000
1137,80,9600,6,5,1950,1950,1032,1252,3,6,0,1950,1,288,0,119000
1138,54,6342,5,8,1875,1996,780,1020,2,6,0,NA,0,0,0,94000
1139,NA,9819,6,5,1977,1977,1567,1567,2,5,2,1977,2,714,264,196000
1140,98,8731,5,5,1920,1950,915,1167,3,6,1,1972,2,495,0,144000
1141,60,7350,5,7,1951,1951,952,952,2,4,0,1988,2,840,0,139000
1142,NA,10304,5,7,1976,1976,780,1868,4,9,1,1976,2,484,448,197500
1143,77,9965,8,5,2006,2007,1466,2828,4,11,1,2006,3,1052,125,424870
1144,NA,9000,5,3,1959,1959,1006,1006,3,5,0,NA,0,0,0,80000
1145,60,12180,4,4,1941,1950,672,924,2,5,0,1941,1,280,0,80000
1146,52,6240,5,6,1928,1950,1042,1576,3,8,1,1928,1,225,0,149000
1147,NA,11200,6,5,1985,1985,1298,1298,3,5,1,1985,2,403,165,180000
1148,75,12000,7,7,1941,1950,704,1564,3,7,1,1941,1,234,0,174500
1149,NA,5700,7,7,1926,1950,572,1111,2,5,1,1982,1,288,0,116900
1150,50,9000,7,9,1920,1988,650,1482,3,7,0,1930,2,324,0,143000
1151,57,8280,6,5,1950,1950,932,932,2,4,1,1950,1,306,0,124000
1152,134,17755,5,4,1959,1959,1466,1466,3,6,2,1959,2,528,0,149900
1153,90,14115,6,7,1956,2004,1073,1811,2,6,1,1956,2,470,0,230000
1154,NA,5890,6,8,1930,2007,816,816,2,5,0,2002,1,432,0,120500
1155,NA,13700,7,6,1965,1988,864,1820,4,8,2,1965,2,492,60,201800
1156,90,10768,5,8,1976,2004,1437,1437,3,6,1,1976,2,528,0,218000
1157,85,9350,5,8,1965,1999,1219,1265,3,6,1,1965,2,502,0,179900
1158,34,5001,7,5,2007,2008,1314,1314,2,6,1,2008,2,626,172,230000
1159,92,11932,8,5,2007,2008,1580,1580,3,7,0,2008,3,830,0,235128
1160,76,9120,6,6,1974,1974,901,1876,4,8,1,1974,2,540,0,185000
1161,24,2280,6,5,1978,1978,855,1456,3,7,1,1978,2,440,26,146000
1162,NA,14778,6,7,1954,2006,1296,1640,3,7,1,1993,2,924,108,224000
1163,109,8724,5,5,1968,1968,894,894,3,5,1,1968,2,450,0,129000
1164,60,12900,4,4,1969,1969,1198,1258,0,6,0,1969,2,400,120,108959
1165,NA,16157,5,7,1978,1978,1360,1432,2,5,1,1978,2,588,168,194000
1166,79,9541,7,5,2009,2009,1502,1502,3,7,0,2009,2,644,0,233170
1167,64,10475,8,5,2008,2008,1694,1694,3,7,0,2008,3,776,160,245350
1168,58,10852,6,5,2000,2000,959,1671,3,7,1,2000,2,472,0,173000
1169,120,13728,6,7,1935,1986,1127,2108,4,7,2,1935,2,540,0,235000
1170,118,35760,10,5,1995,1996,1930,3627,4,10,1,1995,3,807,361,625000
1171,76,9880,6,6,1977,1977,1096,1118,3,6,1,1977,1,358,203,171000
1172,76,9120,6,6,1958,1958,1261,1261,3,6,1,1958,2,433,0,163000
1173,35,4017,7,5,2006,2007,625,1250,2,5,0,2006,2,625,0,171900
1174,138,18030,5,6,1946,1994,1598,3086,3,12,1,NA,0,0,122,200500
1175,80,16560,6,8,1932,1950,952,2345,4,9,1,1932,2,360,0,239000
1176,85,10678,8,5,1992,2000,1683,2872,4,9,1,1992,2,541,0,285000
1177,37,6951,5,5,1984,1985,876,923,3,5,0,1984,1,264,362,119500
1178,NA,3950,6,8,1926,2004,818,1224,3,5,0,1926,1,210,0,115000
1179,54,7681,5,6,1921,1950,731,1343,3,7,1,1921,1,186,192,154900
1180,77,8335,5,5,1954,1954,0,1124,3,5,1,NA,0,0,0,93000
1181,NA,11170,7,5,1990,1991,1216,2514,4,8,0,1990,2,693,0,250000
1182,64,5587,8,5,2008,2008,1600,1652,2,5,1,2008,2,482,162,392500
1183,160,15623,10,5,1996,1996,2396,4476,4,10,2,1996,3,813,171,745000
1184,60,10800,5,6,1920,1950,1120,1130,2,5,1,1970,2,720,229,120000
1185,50,35133,5,4,1963,1963,1572,1572,3,5,2,1963,3,995,0,186700
1186,60,9738,5,7,1924,1950,784,1221,4,7,0,1965,1,392,0,104900
1187,107,10615,3,5,1900,1970,978,1699,3,7,0,1920,2,420,0,95000
1188,89,12461,8,5,1994,1995,1624,1624,2,5,1,1994,3,757,0,262000
1189,68,8935,7,5,2002,2002,831,1660,3,7,0,2002,2,493,144,195000
1190,60,7500,7,5,1999,1999,994,1804,3,7,1,1999,2,442,140,189000
1191,NA,32463,4,4,1961,1975,1249,1622,3,7,1,1975,4,1356,439,168000
1192,24,2645,8,5,1999,2000,776,1441,2,5,0,1999,2,492,206,174000
1193,60,9600,5,8,1925,1994,702,1472,3,6,0,1925,1,250,0,125000
1194,NA,4500,6,5,1999,1999,1224,1224,2,5,0,1999,2,402,0,165000
1195,80,9364,6,7,1969,1969,663,1352,4,7,0,1969,1,299,379,158000
1196,51,8029,6,5,2005,2005,728,1456,3,8,0,2005,2,400,100,176000
1197,58,14054,7,5,2006,2006,879,1863,4,9,1,2006,3,660,100,219210
1198,65,8850,7,6,1916,1950,815,1690,3,7,1,1916,1,225,0,144000
1199,70,9100,7,5,2001,2001,1212,1212,3,6,0,2001,2,573,356,178000
1200,75,11235,4,5,1963,1979,1051,1382,3,6,1,1974,2,459,0,148000
1201,71,9353,4,5,1970,1970,864,864,3,5,0,1972,1,280,0,116050
1202,80,10400,7,5,1998,1998,866,1779,3,6,0,1998,2,546,198,197900
1203,50,6000,5,8,1925,1997,884,1348,3,5,1,1960,1,216,0,117000
1204,75,9750,7,5,2000,2001,1630,1630,3,6,1,2000,2,451,74,213000
1205,78,10140,5,6,1975,1975,1056,1074,3,6,0,1975,2,495,0,153500
1206,90,14684,7,7,1990,1991,2158,2196,3,7,1,1990,3,701,84,271900
1207,NA,8900,4,4,1966,1966,1056,1056,2,5,0,1966,1,384,0,107000
1208,70,9135,6,5,2003,2003,1682,1700,3,7,0,2003,2,544,192,200000
1209,70,7763,5,7,1962,1980,931,1283,3,6,0,1980,2,506,0,140000
1210,85,10182,8,5,2006,2006,1660,1660,3,8,1,2006,2,500,322,290000
1211,70,11218,6,5,1992,1992,1055,1845,3,8,1,1992,2,462,635,189000
1212,152,12134,8,7,1988,2005,559,1752,4,8,0,1988,2,492,325,164000
1213,50,9340,4,6,1941,1950,672,672,2,4,0,1941,1,234,0,113000
1214,NA,10246,4,9,1965,2001,648,960,0,3,0,1965,1,364,88,145000
1215,69,10205,5,5,1962,1962,925,999,3,6,0,1962,1,300,150,134500
1216,99,7094,5,5,1966,1966,894,894,3,5,0,1966,1,384,0,125000
1217,68,8930,6,5,1978,1978,0,1902,4,8,0,1978,2,539,0,112000
1218,72,8640,8,5,2009,2009,1300,1314,3,6,0,2009,2,552,135,229456
1219,52,6240,4,5,1947,1950,0,912,2,3,0,NA,0,0,0,80500
1220,21,1680,6,5,1971,1971,672,1218,3,7,0,NA,0,0,201,91500
1221,66,7800,5,5,1964,1964,912,912,2,5,0,1964,1,288,0,115000
1222,55,8250,5,5,1968,1968,952,1211,3,5,1,1968,1,322,0,134000
1223,78,10496,6,6,1949,1950,1040,1846,3,7,1,1949,1,315,0,143000
1224,89,10680,5,3,1951,1951,2136,2136,4,7,0,1951,2,528,0,137900
1225,60,15384,7,5,2004,2005,788,1490,3,8,1,2004,2,388,100,184000
1226,65,10482,6,8,1958,1958,588,1138,3,6,0,1958,1,264,224,145000
1227,86,14598,6,5,2007,2007,894,1933,4,9,1,2007,3,668,100,214000
1228,72,8872,5,8,1965,2008,912,912,2,5,0,1992,2,576,0,147000
1229,65,8769,9,5,2008,2008,1702,1702,1,7,1,2008,3,1052,0,367294
1230,70,7910,5,5,1960,1960,1075,1507,4,7,0,1960,1,404,0,127000
1231,NA,18890,5,5,1977,1977,1361,2620,4,12,1,1977,2,600,155,190000
1232,70,7728,5,6,1962,1962,1106,1190,3,6,0,1962,2,540,0,132500
1233,70,9842,4,5,1962,1962,0,1224,2,6,0,1962,2,462,0,101800
1234,NA,12160,5,5,1959,1959,1188,1188,3,6,0,1959,2,531,0,142000
1235,55,8525,5,6,1911,1950,940,1964,4,7,0,NA,0,0,0,130000
1236,96,13132,5,5,1914,1950,747,1784,4,9,0,1914,1,180,203,138887
1237,36,2628,7,5,2003,2003,764,1626,2,6,0,2003,2,474,0,175500
1238,41,12393,7,5,2004,2005,847,1948,4,8,1,2004,2,434,100,195000
1239,63,13072,6,5,2005,2005,1141,1141,3,6,0,2005,2,484,0,142500
1240,64,9037,8,5,2006,2006,1476,1484,2,6,1,2006,2,472,120,265900
1241,65,8158,7,5,2003,2003,884,1768,3,8,0,2003,2,543,0,224900
1242,83,9849,7,6,2007,2007,1689,1689,3,7,0,2007,3,954,0,248328
1243,85,10625,7,6,1974,1974,1053,1173,3,6,2,1974,2,528,0,170000
1244,107,13891,10,5,2006,2006,2076,2076,2,7,1,2006,3,850,216,465000
1245,NA,11435,8,7,1929,1950,792,1517,3,7,2,1931,2,400,0,230000
1246,78,12090,6,7,1984,2003,585,1868,3,7,1,1984,2,477,268,178000
1247,65,8125,7,5,2005,2006,756,1553,3,6,0,2005,2,615,0,186500
1248,NA,12328,6,5,1976,1976,1012,1034,3,6,0,1976,3,888,0,169900
1249,60,9600,6,5,1917,1950,735,2058,3,8,1,1950,2,396,0,129500
1250,60,7200,5,7,1950,1950,876,988,3,6,0,1950,1,276,0,119000
1251,93,11160,7,5,1968,1968,2110,2110,3,8,2,1968,2,522,0,244000
1252,NA,3136,7,5,2003,2003,1405,1405,2,6,1,2003,2,478,148,171750
1253,62,9858,5,6,1968,1968,864,874,3,5,0,1968,1,288,33,130000
1254,NA,17542,7,7,1974,2003,1192,2167,3,9,2,1974,2,518,220,294000
1255,60,6931,7,5,2003,2004,746,1656,3,7,1,2003,2,397,178,165400
1256,52,6240,6,6,1931,1950,884,1367,3,6,1,1978,1,560,0,127500
1257,91,14303,8,5,1994,1994,1986,1987,2,7,1,1994,2,691,262,301500
1258,56,4060,5,8,1922,1950,864,864,2,4,0,NA,0,0,0,99900
1259,59,9587,7,5,2005,2005,856,1166,2,5,0,2005,2,400,212,190000
1260,65,9750,6,8,1969,1969,1054,1054,3,6,0,1969,2,460,180,151000
1261,NA,24682,6,5,1999,1999,841,1675,3,7,1,1999,2,502,0,181000
1262,80,9600,5,6,1956,1956,1050,1050,2,5,0,1956,1,338,0,128900
1263,NA,11250,4,5,1957,1989,1104,1788,5,8,2,1957,1,304,120,161500
1264,60,13515,6,6,1919,1950,764,1824,3,8,1,1940,2,520,0,180500
1265,34,4060,6,5,1998,1999,1405,1337,2,5,0,1998,2,511,144,181000
1266,35,3735,7,5,1999,1999,691,1452,3,6,0,1999,2,506,0,183900
1267,60,10120,7,4,1910,1950,925,1889,4,9,1,1960,1,308,0,122000
1268,89,13214,9,5,2008,2009,2002,2018,3,10,1,2009,3,746,144,378500
1269,NA,14100,8,9,1935,1997,728,3447,4,11,2,1982,3,1014,314,381000
1270,78,11344,5,5,1958,1958,874,1524,3,7,0,1958,1,315,0,144000
1271,NA,23595,7,6,1979,1979,1332,1524,0,4,1,1979,2,586,268,260000
1272,NA,9156,6,7,1968,1968,1489,1489,3,7,1,1968,2,462,0,185750
1273,NA,13526,5,6,1965,1965,935,935,3,5,0,1965,1,288,180,137000
1274,124,11512,6,7,1959,2006,1019,1357,2,5,1,1959,1,312,0,177000
1275,53,5362,5,6,1910,2003,661,1250,3,8,1,1985,2,552,242,139000
1276,95,11345,5,5,1948,1950,928,1920,4,10,0,1948,2,400,0,137000
1277,NA,12936,6,6,1972,1972,723,1395,3,6,1,1972,2,497,294,162000
1278,NA,17871,6,5,1967,1976,1680,1724,3,7,1,1967,2,480,0,197900
1279,75,9473,8,5,2002,2002,1128,2031,3,7,1,2002,2,577,0,237000
1280,60,7500,4,4,1920,1950,698,1128,2,6,0,1980,2,528,30,68400
1281,67,9808,7,5,2002,2002,1573,1573,3,6,0,2002,2,544,0,227000
1282,50,8049,7,5,1990,1990,1309,1339,2,6,1,1990,2,484,0,180000
1283,61,8800,5,7,1977,2008,1040,1040,3,5,0,1977,2,484,0,150500
1284,94,9400,6,5,1971,1971,912,1824,4,8,0,NA,0,0,128,139000
1285,50,9638,6,7,1919,1990,804,2447,4,10,1,1969,1,336,272,169000
1286,50,6000,6,6,1939,1950,780,1412,4,6,1,1939,1,280,45,132500
1287,NA,9790,6,5,1963,1963,1328,1328,3,6,2,1963,2,528,0,143000
1288,NA,36500,5,5,1964,1964,1624,1582,4,7,0,1964,2,390,168,190000
1289,40,5664,8,5,2000,2000,1501,1659,2,5,1,2000,2,499,212,278000
1290,86,11065,8,5,2006,2006,1085,1970,3,8,1,2006,3,753,177,281000
1291,NA,14112,5,7,1964,1964,1152,1152,3,6,1,1964,2,484,227,180500
1292,21,1680,5,7,1972,1972,630,1302,3,6,0,1972,1,264,185,119500
1293,60,6600,5,4,1892,1965,994,2372,4,11,0,1985,1,432,0,107500
1294,78,10140,7,5,1976,1976,832,1664,4,8,1,1976,2,528,0,162900
1295,60,8172,5,7,1955,1990,864,864,2,5,0,1957,2,572,0,115000
1296,70,8400,5,5,1968,1968,1052,1052,3,5,0,1968,1,288,356,138500
1297,80,8700,5,6,1963,1963,1120,1128,3,6,0,1963,2,525,192,155000
1298,35,3675,6,5,2005,2006,547,1072,2,5,0,2005,2,525,0,140000
1299,313,63887,10,5,2008,2008,6110,5642,3,12,3,2008,2,1418,214,160000
1300,75,7500,5,7,1959,1994,1246,1246,3,6,0,1959,1,305,218,154000
1301,NA,10762,7,5,1999,1999,978,1983,3,9,1,1999,2,490,0,225000
1302,NA,7500,6,7,1942,1950,771,1494,3,7,2,1942,1,213,0,177500
1303,92,10120,8,5,1994,1994,1165,2526,4,8,1,1994,3,844,309,290000
1304,73,8688,7,5,2005,2005,1616,1616,3,7,0,2005,3,834,208,232000
1305,32,3363,7,5,2004,2004,976,1708,3,7,0,2004,2,380,0,130000
1306,108,13173,9,5,2006,2007,1652,1652,2,6,2,2006,2,840,404,325000
1307,48,6955,7,5,2005,2006,1368,1368,2,6,1,2005,2,474,132,202500
1308,60,8072,5,5,1994,1995,990,990,3,5,0,2000,2,480,0,138000
1309,100,12000,5,7,1948,2005,924,1122,2,6,0,1948,2,528,0,147000
1310,NA,7153,6,5,1991,1991,1278,1294,3,6,0,1991,2,496,112,179200
1311,100,17500,7,8,1959,2002,1902,1902,3,7,2,1959,2,567,0,335000
1312,68,8814,7,5,2005,2007,1274,1274,3,6,0,2005,2,508,264,203000
1313,NA,9572,8,5,1990,1990,1453,2810,4,9,1,1990,2,750,500,302000
1314,108,14774,9,5,1999,1999,1393,2599,4,10,1,1999,3,779,668,333168
1315,60,8190,4,6,1954,1954,948,948,3,5,1,1956,1,280,0,119000
1316,85,11075,6,5,1969,1969,952,2112,4,9,2,1969,2,576,280,206900
1317,61,10226,8,5,2008,2008,1622,1630,3,8,1,2008,3,860,172,295493
1318,47,4230,7,5,2006,2007,1352,1352,2,5,1,2006,2,466,0,208900
1319,NA,14781,8,5,2001,2002,1753,1787,3,7,1,2001,3,748,198,275000
1320,75,10215,4,5,1954,1954,864,948,3,5,0,1954,1,248,0,111000
1321,70,8400,6,3,1957,1957,1478,1478,3,6,2,1957,2,442,114,156500
1322,NA,6627,3,6,1949,1950,0,720,2,4,0,1955,1,287,0,72500
1323,107,10186,7,5,1992,1992,750,1923,3,8,1,1992,2,564,240,190000
1324,50,5330,4,7,1940,1950,420,708,2,5,0,NA,0,0,164,82500
1325,75,9986,8,5,2006,2007,1795,1795,2,7,1,2007,3,895,0,147000
1326,40,3636,4,4,1922,1950,796,796,2,5,0,NA,0,0,0,55000
1327,70,4270,3,6,1931,2006,544,774,3,6,0,NA,0,0,0,79000
1328,60,6600,5,9,1982,2008,816,816,3,5,1,1982,1,264,0,130500
1329,60,10440,6,7,1920,1950,1510,2792,5,8,2,1920,2,520,0,256000
1330,63,9084,7,5,1998,1998,935,1632,3,8,1,1998,2,462,0,176500
1331,85,10000,8,5,2006,2006,1588,1588,3,7,1,2006,3,825,144,227000
1332,55,10780,5,5,1976,1976,911,954,3,6,0,1976,2,576,0,132500
1333,67,8877,4,6,1938,1958,816,816,2,3,1,1958,1,288,0,100000
1334,60,7200,5,6,1938,1995,803,1360,2,6,0,1951,1,297,0,125500
1335,24,2368,5,6,1970,1970,765,1365,3,7,0,1970,2,440,0,125000
1336,80,9650,6,5,1977,1977,1350,1334,2,6,1,1977,2,630,0,167900
1337,87,9246,5,5,1973,1973,1656,1656,4,8,0,1973,2,506,0,135000
1338,153,4118,4,4,1941,1950,693,693,2,4,0,NA,0,0,0,52500
1339,95,13450,7,5,2002,2002,916,1861,3,8,0,2002,2,492,146,200000
1340,120,9560,5,7,1972,1972,864,864,3,5,0,1972,1,288,0,128500
1341,70,8294,4,5,1971,1971,858,872,3,5,0,1974,4,480,0,123000
1342,66,13695,6,5,2003,2004,1114,1114,3,6,0,2004,2,576,0,155000
1343,NA,9375,8,5,2002,2002,1284,2169,3,7,1,2002,2,647,192,228500
1344,57,7558,6,6,1928,1950,896,1913,3,9,1,1929,2,342,0,177000
1345,85,11103,7,5,2006,2006,728,1456,3,8,1,2006,2,440,0,155835
1346,50,6000,4,4,1920,1950,960,960,2,5,0,1997,1,308,0,108500
1347,NA,20781,7,7,1968,2003,1568,2156,3,9,1,1968,2,508,0,262500
1348,93,15306,8,5,2006,2007,1732,1776,3,7,1,2006,3,712,0,283463
1349,NA,16196,7,5,1998,1998,1482,1494,3,5,1,1998,2,514,402,215000
1350,50,5250,8,5,1872,1987,684,2358,4,8,0,NA,0,0,0,122000
1351,91,11643,5,5,1969,1969,1248,2634,6,12,0,1969,4,968,0,200000
1352,70,9247,6,6,1962,1962,858,1716,4,8,1,1962,2,490,0,171000
1353,50,6000,6,9,1937,2000,698,1176,2,4,0,1999,2,624,210,134900
1354,56,14720,8,5,1995,1996,2033,3238,4,9,1,1996,3,666,283,410000
1355,NA,10316,7,5,2000,2000,992,1865,3,7,1,2000,3,839,0,235000
1356,102,10192,7,6,1968,1992,570,1920,4,8,1,1968,2,487,0,170000
1357,NA,9477,5,5,1966,1966,864,892,3,5,0,1966,1,264,0,110000
1358,NA,12537,5,6,1971,2008,1078,1078,3,6,1,1971,2,500,0,149900
1359,NA,2117,6,5,2000,2000,756,1573,3,5,0,2000,2,440,0,177500
1360,129,16737,9,5,2004,2005,1980,1980,3,8,1,2004,3,770,194,315000
1361,51,9842,5,6,1921,1998,612,2601,4,8,0,1998,2,621,183,189000
1362,124,16158,7,5,2005,2005,1530,1530,3,7,1,2005,2,430,168,260000
1363,NA,12513,4,4,1920,2007,715,1738,4,7,1,1920,1,368,55,104900
1364,73,8499,6,5,2006,2007,616,1412,3,6,1,2007,2,432,0,156932
1365,30,3180,7,5,2005,2005,600,1200,2,4,0,2005,2,480,0,144152
1366,NA,7500,7,5,2000,2000,814,1674,3,7,0,2000,2,663,0,216000
1367,68,9179,7,5,1999,1999,873,1790,3,7,0,1999,2,588,0,193000
1368,41,2665,5,6,1977,1977,757,1475,4,6,1,1977,1,336,104,127000
1369,NA,4435,6,5,2003,2004,848,848,1,4,0,2003,2,420,140,144000
1370,48,10635,8,5,2003,2003,1657,1668,3,8,1,2003,2,502,0,232000
1371,90,5400,4,6,1920,1950,840,1374,2,6,0,1967,1,338,0,105000
1372,80,9600,6,6,1955,1996,992,1661,3,8,1,1955,1,377,0,165500
1373,75,9750,7,6,1998,1998,1108,2097,3,8,1,1998,2,583,253,274300
1374,NA,11400,10,5,2001,2002,2633,2633,2,8,2,2001,3,804,314,466500
1375,85,10625,7,5,2005,2005,1026,1958,3,9,1,2005,3,936,154,250000
1376,89,10991,8,5,2007,2007,1571,1571,3,7,1,2007,3,722,100,239000
1377,52,6292,6,5,1930,1950,768,790,2,4,0,1925,1,160,0,91000
1378,60,10998,5,5,1941,1960,984,1604,3,6,0,1977,2,660,0,117000
1379,21,1953,6,5,1973,1973,483,987,2,5,0,1973,1,264,72,83000
1380,73,9735,5,5,2006,2007,384,1394,3,7,0,2007,2,400,100,167500
1381,45,8212,3,3,1914,1950,864,864,2,5,0,1938,1,200,0,58500
1382,NA,12925,6,7,1970,1970,1205,2117,4,7,2,1970,2,550,0,237500
1383,60,7200,7,7,1920,1950,596,1762,4,8,0,1989,2,576,36,157000
1384,NA,25339,5,7,1918,2007,816,1416,3,7,0,2007,2,576,0,112000
1385,60,9060,6,5,1939,1950,560,1258,2,6,0,1939,1,280,0,105000
1386,40,5436,4,8,1922,2007,796,1154,3,7,0,1922,1,240,0,125500
1387,80,16692,7,5,1978,1978,1392,2784,5,12,2,1978,2,564,0,250000
1388,60,8520,6,7,1916,1950,714,2526,5,10,1,1916,1,216,88,136000
1389,42,14892,9,5,2006,2007,1746,1746,3,7,2,2006,3,758,201,377500
1390,60,6000,6,6,1941,1950,735,1218,3,6,1,2003,2,440,0,131000
1391,70,9100,7,5,2000,2000,1525,1525,3,6,0,2000,2,541,219,235000
1392,65,8944,5,5,1967,1967,1584,1584,4,8,0,1967,3,792,0,124000
1393,68,7838,5,5,1967,1967,864,900,3,6,1,1967,1,288,175,123000
1394,60,10800,6,7,1905,2000,482,1912,3,7,1,2003,2,672,0,163000
1395,53,4045,7,5,2006,2006,1356,1500,2,6,1,2006,3,648,161,246578
1396,88,12665,8,5,2005,2006,1094,2482,4,9,1,2005,3,642,144,281213
1397,NA,57200,5,5,1948,1950,747,1687,3,7,2,1966,2,572,0,160000
1398,51,6120,5,8,1920,2004,939,1513,4,8,0,1933,1,180,24,137500
1399,60,7200,5,4,1950,1982,1208,1904,3,7,0,1950,1,240,0,138000
1400,51,6171,6,6,1925,1990,976,1608,3,7,1,1925,1,216,147,137450
1401,50,6000,6,7,1929,1950,862,1158,3,5,1,1929,1,208,0,120000
1402,62,7415,6,5,2004,2004,839,1593,3,8,1,2004,2,398,100,193000
1403,64,6762,7,5,2006,2006,1286,1294,2,6,1,2006,2,662,168,193879
1404,49,15256,8,5,2007,2007,1485,1464,3,6,0,2007,3,754,168,282922
1405,60,10410,3,4,1915,1950,672,1214,3,6,0,1998,3,936,216,105000
1406,44,3842,8,5,2004,2005,1594,1646,2,5,1,2004,2,482,128,275000
1407,70,8445,5,7,1972,2007,768,768,2,5,0,1988,2,396,58,133000
1408,NA,8780,5,5,1985,1985,833,833,3,5,0,NA,0,0,0,112000
1409,60,7740,4,7,1910,1950,622,1363,3,6,0,1966,2,528,0,125500
1410,46,20544,7,6,1986,1991,791,2093,3,7,1,1986,2,542,364,215000
1411,79,12420,7,5,2001,2001,944,1840,3,6,0,2001,2,622,0,230000
1412,80,9600,6,8,1950,2005,856,1668,3,6,0,1950,1,271,0,140000
1413,60,7200,4,5,1949,1950,0,1040,2,6,0,1956,2,420,0,90000
1414,88,10994,8,5,2005,2006,1844,1844,2,7,1,2005,2,620,165,257000
1415,64,13053,6,7,1923,2000,833,1848,4,8,1,1922,2,370,0,207000
1416,51,3635,7,5,2007,2007,1386,1569,1,7,1,2007,3,660,143,175900
1417,60,11340,4,6,1885,1950,777,2290,4,11,0,1971,2,560,0,122500
1418,NA,16545,8,5,1998,1998,1284,2450,3,7,1,1998,3,1069,0,340000
1419,71,9204,5,5,1963,1963,1144,1144,3,6,0,1962,1,336,0,124000
1420,NA,16381,6,5,1969,1969,1844,1844,3,7,1,1969,2,540,0,223000
1421,90,11700,6,6,1968,1968,708,1416,3,7,1,1968,2,776,0,179900
1422,53,4043,6,5,1977,1977,1069,1069,2,4,1,1977,2,440,0,127500
1423,37,4435,6,5,2003,2003,848,848,1,3,0,2003,2,420,140,136500
1424,NA,19690,6,7,1966,1966,697,2201,4,8,1,1966,2,432,586,274970
1425,NA,9503,5,5,1958,1983,1024,1344,2,6,1,1970,1,484,316,144000
1426,80,10721,6,6,1959,1959,1252,1252,3,7,0,1960,2,528,0,142000
1427,81,10944,7,5,1994,1994,1223,2127,3,5,2,1994,2,525,171,271000
1428,60,10930,5,6,1945,1950,913,1558,3,6,1,1962,1,288,0,140000
1429,60,7200,5,7,1940,1992,788,804,2,4,2,1940,1,240,0,119000
1430,NA,12546,6,7,1981,1981,1440,1440,3,7,1,1981,2,467,0,182900
1431,60,21930,5,5,2005,2005,732,1838,4,7,1,2005,2,372,100,192140
1432,NA,4928,6,6,1976,1976,958,958,2,5,0,1976,2,440,0,143750
1433,60,10800,4,6,1927,2007,656,968,4,5,0,1928,1,216,0,64500
1434,93,10261,6,5,2000,2000,936,1792,3,8,1,2000,2,451,0,186500
1435,80,17400,5,5,1977,1977,1126,1126,3,5,1,1977,2,484,295,160000
1436,80,8400,6,9,1962,2005,1319,1537,3,7,1,1962,2,462,0,174000
1437,60,9000,4,6,1971,1971,864,864,3,5,0,1974,2,528,0,120500
1438,96,12444,8,5,2008,2008,1932,1932,2,7,1,2008,3,774,0,394617
1439,90,7407,6,7,1957,1996,912,1236,2,6,0,1957,2,923,0,149700
1440,80,11584,7,6,1979,1979,539,1725,3,6,1,1979,2,550,0,197000
1441,79,11526,6,7,1922,1994,588,2555,3,11,1,1993,2,672,431,191000
1442,NA,4426,6,5,2004,2004,848,848,1,3,1,2004,2,420,149,149300
1443,85,11003,10,5,2008,2008,1017,2007,3,10,1,2008,3,812,168,310000
1444,NA,8854,6,6,1916,1950,952,952,2,4,1,1916,1,192,0,121000
1445,63,8500,7,5,2004,2004,1422,1422,3,7,0,2004,2,626,192,179600
1446,70,8400,6,5,1966,1966,814,913,3,6,0,1990,1,240,0,129000
1447,NA,26142,5,7,1962,1962,1188,1188,3,6,0,1962,1,312,261,157900
1448,80,10000,8,5,1995,1996,1220,2090,3,8,1,1995,2,556,0,240000
1449,70,11767,4,7,1910,2000,560,1346,2,6,0,1950,1,384,168,112000
1450,21,1533,5,7,1970,1970,630,630,1,3,0,NA,0,0,0,92000
1451,60,9000,5,5,1974,1974,896,1792,4,8,0,NA,0,0,32,136000
1452,78,9262,8,5,2008,2009,1573,1578,3,7,1,2008,3,840,0,287090
1453,35,3675,5,5,2005,2005,547,1072,2,5,0,2005,2,525,0,145000
1454,90,17217,5,5,2006,2006,1140,1140,3,6,0,NA,0,0,36,84500
1455,62,7500,7,5,2004,2005,1221,1221,2,6,0,2004,2,400,0,185000
1456,62,7917,6,5,1999,2000,953,1647,3,7,1,1999,2,460,0,175000
1457,85,13175,6,6,1978,1988,1542,2073,3,7,2,1978,2,500,349,210000
1458,66,9042,7,9,1941,2006,1152,2340,4,9,2,1941,1,252,0,266500
1459,68,9717,5,6,1950,1996,1078,1078,2,5,0,1950,1,240,366,142125
1460,75,9937,5,6,1965,1965,1256,1256,3,6,0,1965,1,276,736,147500
